Date,USD,GBP,EURO,YEN
2014-01-01,61.93,102.39,85.12,58.83
2014-01-02,61.9,102.74,85.16,58.79
2014-01-03,62.41,102.54,85.2,59.9
2014-01-06,62.33,101.99,84.62,59.73
2014-01-07,62.38,102.25,84.97,59.71
2014-01-08,62.24,102.17,84.82,59.34
2014-01-09,62.18,102.31,84.5,59.29
2014-01-10,61.94,102.06,84.31,59.01
2014-01-13,61.52,101.48,84.11,59.49
2014-01-15,61.59,101.09,83.99,58.99
2014-01-16,61.53,100.73,83.84,58.77
2014-01-17,61.35,100.21,85.52,58.78
2014-01-20,61.63,101.25,83.42,59.19
2014-01-21,61.54,101.08,83.38,58.87
2014-01-22,61.92,101.98,83.93,59.3
2014-01-23,61.99,102.67,83.98,59.42
2014-01-24,62.18,103.38,85.09,60.14
2014-01-27,62.71,103.5,85.82,61.21
2014-01-28,62.99,104.61,86.17,61.36
2014-01-29,62.2,103.12,84.96,60.22
2014-01-30,62.73,103.87,85.61,61.22
2014-01-31,62.48,102.95,84.6,60.96
2014-02-03,62.69,102.97,84.58,61.41
2014-02-04,62.68,101.98,84.78,62.12
2014-02-05,62.45,102.01,84.35,61.58
2014-02-06,62.5,101.92,84.5,61.59
2014-02-07,62.32,101.78,84.68,61.01
2014-02-10,62.19,102.14,84.74,60.74
2014-02-11,62.44,102.48,85.28,61.01
2014-02-12,62.13,102.25,84.72,60.6
2014-02-13,62.27,103.47,84.87,61.02
2014-02-14,62.28,103.67,85.18,61.22
2014-02-17,61.95,104.02,84.95,60.97
2014-02-18,62.12,103.93,85.17,60.51
2014-02-20,62.28,103.84,85.7,61.17
2014-02-21,62.16,103.44,85.27,60.66
2014-02-24,62.12,103.38,85.32,60.71
2014-02-25,61.98,103.31,85.14,60.51
2014-02-26,61.94,103.31,85.11,60.53
2014-02-28,62.07,103.61,85.03,60.99
2014-03-03,61.86,103.52,85.31,61.01
2014-03-04,61.9,103.26,85.14,60.84
2014-03-05,61.86,103.06,84.92,60.56
2014-03-06,61.32,102.54,84.19,59.74
2014-03-07,60.99,102.07,84.53,59.22
2014-03-10,61.2,102.35,84.95,59.34
2014-03-11,60.7,100.97,84.16,58.78
2014-03-12,61.09,101.59,84.65,59.39
2014-03-13,61.02,101.65,85.02,59.46
2014-03-14,61.52,102.22,85.23,60.57
2014-03-18,60.95,101.37,84.89,59.9
2014-03-19,61.1,101.41,85.08,60.18
2014-03-20,61.13,101.17,84.59,59.76
2014-03-21,61.05,100.81,84.18,59.64
2014-03-24,60.7,100.11,83.81,59.26
2014-03-25,60.49,99.77,83.67,59.17
2014-03-26,60.17,99.39,83.09,58.81
2014-03-27,60.13,99.65,82.91,58.81
2014-03-28,60.1,99.85,82.58,58.83
2014-04-02,59.65,99.21,82.39,57.48
2014-04-03,60.12,100.07,82.74,57.87
2014-04-04,60.32,100.04,82.65,58.1
2014-04-07,59.95,99.36,82.15,58.13
2014-04-09,60.07,100.56,82.79,58.88
2014-04-10,60.21,101.05,83.33,59.18
2014-04-11,60.27,101.1,83.74,59.2
2014-04-15,60.26,100.71,83.27,59.14
2014-04-16,60.23,100.79,83.29,58.91
2014-04-17,60.38,101.63,83.57,59.2
2014-04-21,60.34,101.41,83.38,58.85
2014-04-22,60.71,102.04,83.77,59.25
2014-04-23,61.07,102.77,84.49,59.51
2014-04-25,61.12,102.71,84.52,59.73
2014-04-28,60.5,101.69,83.62,59.17
2014-04-29,60.53,101.77,83.92,59.01
2014-04-30,60.34,101.45,83.31,58.93
2014-05-02,60.23,101.68,83.46,58.77
2014-05-05,60.05,101.32,83.34,58.88
2014-05-06,60.2,101.68,83.55,59
2014-05-07,60.04,101.97,83.58,59.17
2014-05-08,59.99,101.75,83.48,58.96
2014-05-09,60.05,101.65,83.07,59.06
2014-05-12,59.73,100.82,82.22,58.6
2014-05-13,59.88,100.98,82.4,58.55
2014-05-15,59.47,99.7,81.55,58.34
2014-05-16,58.86,98.82,80.72,57.97
2014-05-19,58.43,98.28,80.12,57.67
2014-05-20,58.75,98.77,80.53,57.93
2014-05-21,58.77,99.02,80.57,58.09
2014-05-22,58.57,98.88,80.05,57.62
2014-05-23,58.48,98.67,79.81,57.57
2014-05-26,58.59,98.66,79.81,57.48
2014-05-27,59.06,99.61,80.6,57.97
2014-05-28,59.08,99.2,80.53,57.98
2014-05-29,58.84,98.41,80.03,57.85
2014-05-30,59.03,98.91,80.34,58.1
2014-06-02,59.14,99.02,80.63,58.01
2014-06-03,59.21,99.17,80.56,57.88
2014-06-04,59.34,99.18,80.76,57.76
2014-06-05,59.3,99.34,80.7,57.83
2014-06-06,59.2,99.52,80.83,57.85
2014-06-09,59.06,99.35,80.62,57.65
2014-06-10,59.26,99.63,80.59,57.95
2014-06-11,59.33,99.42,80.32,57.99
2014-06-12,59.33,99.68,80.3,58.13
2014-06-13,59.48,100.93,80.71,58.28
2014-06-16,60.01,102,81.25,58.96
2014-06-17,60.37,102.48,81.87,59.21
2014-06-18,60.12,102,81.43,58.81
2014-06-19,60,102.05,81.71,58.94
2014-06-20,60.28,102.77,82.12,59.17
2014-06-23,60.19,102.56,81.91,59.05
2014-06-24,60.11,102.32,81.75,58.94
2014-06-25,60.28,102.28,82.05,59.15
2014-06-26,60.16,102.23,82.04,59.12
2014-06-27,60.1,102.4,81.88,59.27
2014-06-30,60.09,102.33,82.01,59.28
2014-07-01,60.14,102.83,82.28,59.27
2014-07-02,59.97,102.9,82.02,59.05
2014-07-03,59.72,102.45,81.54,58.62
2014-07-04,59.79,102.66,81.32,58.6
2014-07-07,59.95,102.78,81.39,58.71
2014-07-08,59.8,102.42,81.32,58.73
2014-07-09,59.73,102.36,81.38,58.79
2014-07-10,59.88,102.59,81.69,59
2014-07-11,60.19,103.15,81.87,59.41
2014-07-14,60.01,102.72,81.6,59.18
2014-07-15,60.22,102.79,81.95,59.27
2014-07-16,60.19,103.14,81.66,59.19
2014-07-17,60.14,103,81.33,59.25
2014-07-18,60.33,103.18,81.58,59.54
2014-07-21,60.19,102.87,81.48,59.45
2014-07-22,60.24,102.87,81.44,59.32
2014-07-23,60.18,102.68,81.03,59.34
2014-07-24,60,102.19,80.68,59.13
2014-07-25,60.14,102.22,81.02,59.11
2014-07-28,60.1,102.04,80.74,59
2014-07-30,60.15,101.92,80.64,58.9
2014-07-31,60.25,101.92,80.7,58.61
2014-08-01,60.85,102.69,81.46,59.11
2014-08-04,61.02,102.69,81.91,59.41
2014-08-05,60.87,102.67,81.7,59.38
2014-08-06,61.34,103.44,81.96,59.8
2014-08-07,61.41,103.42,82.17,60.04
2014-08-08,61.56,103.5,82.41,60.64
2014-08-11,61.12,102.54,81.87,59.85
2014-08-12,61.18,102.56,81.78,59.81
2014-08-13,61.25,103.02,81.9,59.91
2014-08-14,61.06,101.84,81.56,59.55
2014-08-19,60.73,101.48,81.04,59.19
2014-08-20,60.67,100.81,80.73,58.8
2014-08-21,60.77,100.72,80.56,58.53
2014-08-22,60.44,100.24,80.35,58.29
2014-08-25,60.43,100.12,79.74,58.01
2014-08-26,60.5,100.33,79.91,58.24
2014-08-27,60.47,100.15,79.65,58.17
2014-08-28,60.47,100.35,79.86,58.27
2014-09-01,60.47,100.43,79.4,58.06
2014-09-02,60.61,100.49,79.56,57.81
2014-09-03,60.54,99.73,79.54,57.71
2014-09-04,60.45,99.46,79.46,57.6
2014-09-05,60.44,98.64,78.2,57.36
2014-09-08,60.26,97.51,77.94,57.33
2014-09-09,60.43,97.25,77.93,56.88
2014-09-10,60.83,98.15,78.66,57.12
2014-09-11,60.92,98.66,78.64,56.96
2014-09-12,60.84,98.73,78.64,56.74
2014-09-15,60.99,99.1,79.03,56.85
2014-09-16,61.1,99.05,79.03,56.96
2014-09-17,60.95,99.32,78.97,56.87
2014-09-18,61.06,99.55,78.57,56.13
2014-09-19,60.81,100.06,78.47,55.73
2014-09-22,60.79,99.3,78.16,55.83
2014-09-23,60.87,99.63,78.23,55.98
2014-09-24,61.03,99.99,78.37,56.17
2014-09-25,61.02,99.43,77.84,55.87
2014-09-26,61.57,100.42,78.45,56.45
2014-09-29,61.43,99.73,77.93,56.07
2014-09-30,61.61,100.28,78.21,56.36
2014-10-01,61.75,100.07,77.95,56.24
2014-10-07,61.36,98.71,77.47,56.5
2014-10-08,61.46,98.77,77.65,56.69
2014-10-09,61.04,98.64,77.74,56.57
2014-10-10,61.16,98.62,77.67,56.74
2014-10-13,61.25,98.68,77.6,57.08
2014-10-14,61.11,98.15,77.68,57.04
2014-10-16,61.48,98.24,78.66,57.83
2014-10-17,61.62,99.12,78.89,58.02
2014-10-20,61.29,98.62,78.15,57.14
2014-10-21,61.3,99.16,78.59,57.63
2014-10-22,61.24,98.67,77.97,57.27
2014-10-27,61.23,98.53,77.75,56.71
2014-10-28,61.35,98.93,77.92,56.89
2014-10-29,61.32,99,78.14,56.76
2014-10-30,61.46,98.21,77.45,56.34
2014-10-31,61.41,98.06,77.19,55.28
2014-11-03,61.41,98.06,76.67,54.48
2014-11-05,61.39,98,76.99,53.76
2014-11-07,61.52,97.39,76.16,53.31
2014-11-10,61.45,97.76,76.68,53.86
2014-11-11,61.55,97.53,76.48,53.43
2014-11-12,61.48,97.92,76.79,53.34
2014-11-13,61.56,97.1,76.61,53.18
2014-11-14,61.65,96.54,76.7,53.04
2014-11-17,61.68,96.94,77.36,53.28
2014-11-18,61.81,96.77,77.09,52.97
2014-11-19,61.83,96.56,77.42,52.71
2014-11-20,62.1,97.32,77.91,52.34
2014-11-21,61.85,97.01,77.62,52.53
2014-11-24,61.78,96.78,76.59,52.41
2014-11-25,61.92,97.12,76.93,52.52
2014-11-26,61.87,97.23,77.21,52.56
2014-11-27,61.87,97.69,77.37,52.71
2014-11-28,61.97,97.37,77.16,52.45
2014-12-01,62.14,97.05,77.37,52.26
2014-12-02,61.93,97.39,77.21,52.31
2014-12-03,61.89,96.83,76.57,51.93
2014-12-04,61.88,97.02,76.13,51.6
2014-12-05,61.85,96.73,76.53,51.51
2014-12-08,61.93,96.37,76.1,50.98
2014-12-09,61.88,96.9,76.29,51.61
2014-12-10,61.95,97.16,76.75,51.98
2014-12-11,62.21,97.8,77.48,52.68
2014-12-12,62.44,98.15,77.38,52.49
2014-12-15,62.65,98.53,78.02,52.94
2014-12-16,63.41,99.31,79,54.09
2014-12-17,63.58,99.98,79.39,54.34
2014-12-18,63.32,98.68,78.11,53.39
2014-12-19,63.07,98.73,77.46,52.8
2014-12-22,63.18,98.85,77.42,52.88
2014-12-23,63.45,98.88,77.62,52.82
2014-12-24,63.46,98.51,77.31,52.73
2014-12-26,63.64,98.98,77.74,52.93
2014-12-29,63.65,99.14,77.6,52.9
2014-12-30,63.75,98.88,77.32,53
2014-12-31,63.33,98.58,77,52.93
2015-01-01,63.32,98.64,76.6,52.91
2015-01-02,63.29,98.39,76.31,52.59
2015-01-05,63.39,96.85,75.67,52.61
2015-01-06,63.39,96.72,75.8,53.25
2015-01-07,63.45,95.99,75.28,53.3
2015-01-08,62.97,94.97,74.43,52.53
2015-01-09,62.4,94.17,73.61,52.23
2015-01-12,62.16,94.28,73.73,52.62
2015-01-13,62.1,94.1,73.42,52.28
2015-01-14,62.15,94.24,73.3,53.08
2015-01-15,61.76,94.02,72.63,52.4
2015-01-16,61.89,93.92,72.01,53.08
2015-01-19,61.7,93.41,71.33,52.68
2015-01-20,61.85,93.27,71.57,52.23
2015-01-21,61.61,93.49,71.38,52.39
2015-01-22,61.69,93.33,71.49,52.17
2015-01-23,61.5,92.16,69.62,51.95
2015-01-27,61.46,92.77,69.03,52
2015-01-28,61.41,93.18,69.82,52.06
2015-01-29,61.5,93.12,69.33,52.25
2015-01-30,61.76,93.13,70.03,52.4
2015-02-02,61.88,93.27,69.94,52.61
2015-02-03,61.74,92.71,69.94,52.76
2015-02-04,61.68,93.53,70.75,52.42
2015-02-05,61.87,94.07,70.19,52.8
2015-02-06,61.74,94.65,70.79,52.63
2015-02-09,62.14,94.79,70.38,52.29
2015-02-10,61.96,94.41,70.2,52.25
2015-02-11,62.15,94.72,70.33,52
2015-02-12,62.43,95.02,70.63,51.95
2015-02-13,62.14,95.78,71.05,52.34
2015-02-16,62.2,96,71,52.46
2015-02-18,62.25,95.57,71.01,52.32
2015-02-20,62.26,96.01,70.72,52.35
2015-02-23,62.18,95.71,70.76,52.28
2015-02-24,62.28,96.21,70.6,52.24
2015-02-25,62.05,96.03,70.43,52.28
2015-02-26,61.94,96.24,70.39,52.06
2015-02-27,61.79,95.42,69.29,51.85
2015-03-02,61.82,95.27,69.14,51.62
2015-03-03,61.84,95.14,69.25,51.68
2015-03-04,61.85,94.96,69.1,51.7
2015-03-05,62.2,94.71,68.6,51.89
2015-03-09,62.62,94.39,67.96,51.76
2015-03-10,62.7,94.55,67.66,51.47
2015-03-11,62.75,94.6,67.1,51.74
2015-03-12,62.57,93.57,65.95,51.57
2015-03-13,62.67,93.16,66.42,51.6
2015-03-16,62.82,92.83,66.17,51.84
2015-03-17,62.69,92.99,66.37,51.69
2015-03-18,62.67,92.46,66.34,51.64
2015-03-19,62.42,92.99,67.29,51.79
2015-03-20,62.49,92.26,66.8,51.79
2015-03-23,62.29,93.02,67.36,51.95
2015-03-24,62.2,92.93,68.03,51.99
2015-03-25,62.34,92.65,68.12,52.07
2015-03-26,62.67,93.26,68.85,52.75
2015-03-27,62.61,92.95,68.15,52.53
2015-03-30,62.63,92.94,68.06,52.52
2015-03-31,62.59,92.46,67.51,52.11
2015-04-06,62.16,92.73,68.23,52.23
2015-04-07,62.33,92.83,68.08,52.14
2015-04-08,62.33,92.53,67.6,51.98
2015-04-09,62.26,92.49,66.99,51.77
2015-04-10,62.37,91.6,66.49,51.74
2015-04-13,62.39,91.06,66.16,51.83
2015-04-15,62.4,92.15,66.48,52.19
2015-04-16,62.37,92.44,66.56,52.27
2015-04-17,62.35,93.1,67.13,52.41
2015-04-20,62.56,93.56,67.49,52.74
2015-04-21,62.92,93.57,67.34,52.65
2015-04-22,62.82,93.85,67.59,52.55
2015-04-23,63.19,94.94,67.66,52.75
2015-04-24,63.4,95.42,68.49,53.04
2015-04-27,63.61,96.56,69.18,53.45
2015-04-28,63.33,96.52,68.93,53.2
2015-04-29,63.2,97.01,69.34,53.08
2015-04-30,63.58,97.99,70.53,53.53
2015-05-05,63.52,95.96,70.54,52.86
2015-05-06,63.64,96.81,71.51,53.1
2015-05-07,63.88,97.21,72.51,53.47
2015-05-08,64.05,99.04,71.76,53.41
2015-05-11,63.85,98.47,71.51,53.25
2015-05-12,64.2,100.03,71.91,53.43
2015-05-13,64.19,100.58,72.08,53.54
2015-05-14,63.84,100.65,72.88,53.68
2015-05-15,63.58,100.3,72.38,53.2
2015-05-18,63.55,99.86,72.67,53.12
2015-05-19,63.69,99.73,71.9,53.09
2015-05-20,63.87,98.89,70.73,52.76
2015-05-21,63.7,98.92,70.67,52.59
2015-05-22,63.57,99.67,70.93,52.66
2015-05-25,63.62,98.51,69.93,52.34
2015-05-26,63.85,98.38,69.64,52.11
2015-05-27,63.95,98.64,69.86,52.02
2015-05-28,63.9,98.16,69.74,51.6
2015-05-29,63.76,97.8,69.91,51.48
2015-06-01,63.61,97.27,69.63,51.2
2015-06-02,63.83,97.1,69.74,51.21
2015-06-03,63.85,98.12,71.28,51.52
2015-06-04,64.18,98.3,72.25,51.6
2015-06-05,63.9,97.98,71.82,51.33
2015-06-08,64.11,97.84,71.12,51.06
2015-06-09,63.94,98.27,72.37,51.46
2015-06-10,63.88,98.47,72.15,51.94
2015-06-11,63.89,98.9,72.31,51.85
2015-06-12,64.03,99.27,71.9,51.85
2015-06-15,64.09,99.57,71.84,51.93
2015-06-16,64.15,100.04,72.27,51.91
2015-06-17,64.11,100.32,72.17,51.91
2015-06-18,63.85,101,72.46,51.89
2015-06-19,63.82,101.26,72.36,51.83
2015-06-22,63.51,100.94,72.32,51.73
2015-06-23,63.64,100.41,71.63,51.46
2015-06-24,63.66,100.5,71.31,51.38
2015-06-25,63.61,99.79,71.17,51.4
2015-06-26,63.6,100.09,71.23,51.54
2015-06-29,63.92,100.4,70.41,52.17
2015-06-30,63.75,100.12,71.2,52.07
2015-07-01,63.62,99.89,70.77,51.85
2015-07-02,63.57,99.2,70.35,51.52
2015-07-03,63.4,98.94,70.33,51.49
2015-07-06,63.58,99.11,70.29,51.89
2015-07-07,63.37,98.86,69.97,51.67
2015-07-08,63.57,98.22,69.93,52.17
2015-07-09,63.51,97.85,70.5,52.3
2015-07-10,63.38,97.65,70.43,51.97
2015-07-13,63.47,98.47,70.69,51.77
2015-07-14,63.5,98.2,69.73,51.48
2015-07-15,63.38,99.13,69.69,51.34
2015-07-16,63.5,99.17,69.39,51.28
2015-07-17,63.49,99.43,69.14,51.2
2015-07-20,63.55,99.1,68.83,51.2
2015-07-21,63.65,99.14,68.91,51.17
2015-07-22,63.53,99.19,69.6,51.38
2015-07-23,63.71,99.57,69.63,51.37
2015-07-24,63.89,99.1,70.12,51.56
2015-07-27,64,99.43,70.61,51.85
2015-07-28,64.03,99.72,70.88,51.84
2015-07-29,63.89,99.71,70.63,51.75
2015-07-30,64.01,99.83,70.07,51.53
2015-07-31,64.01,99.84,70.16,51.55
2015-08-03,63.96,99.93,70.16,51.56
2015-08-04,63.93,99.82,70.05,51.59
2015-08-05,63.82,99.15,69.31,51.29
2015-08-06,63.76,99.6,69.71,51.11
2015-08-07,63.81,98.93,69.66,51.13
2015-08-10,63.76,98.76,69.88,51.22
2015-08-11,64.17,99.85,70.36,51.37
2015-08-12,64.83,101,71.82,51.91
2015-08-13,64.92,101.44,72.26,52.16
2015-08-14,65.12,101.62,72.56,52.35
2015-08-17,65.22,102.23,72.39,52.42
2015-08-19,65.25,102.25,72.2,52.5
2015-08-20,65.24,102.21,72.57,52.59
2015-08-21,65.83,103.39,74.27,53.55
2015-08-24,66.51,104.01,76.27,54.97
2015-08-25,66.71,105.1,77.11,56.01
2015-08-26,66.16,103.88,75.89,55.28
2015-08-27,66.06,102.35,74.97,55.08
2015-08-28,66.08,101.92,74.37,54.54
2015-08-31,66.31,102.31,74.5,54.75
2015-09-01,66.26,101.99,74.79,55.05
2015-09-02,66.16,101.22,74.61,55.09
2015-09-03,66.23,101.22,74.33,54.98
2015-09-04,66.4,101.19,73.89,55.57
2015-09-07,66.74,101.36,74.27,55.93
2015-09-08,66.61,102.3,74.61,55.6
2015-09-09,66.29,101.89,73.98,55.07
2015-09-10,66.58,102.29,74.71,55.14
2015-09-11,66.39,102.59,74.9,55
2015-09-14,66.37,102.54,75.32,55.18
2015-09-15,66.44,102.41,75.05,55.55
2015-09-16,66.5,102,75.03,55.34
2015-09-18,65.93,102.75,75.13,55.01
2015-09-21,65.75,102.17,74.38,54.83
2015-09-22,65.63,101.73,73.26,54.5
2015-09-23,65.97,101.19,73.38,54.92
2015-09-24,66.1,100.89,73.96,55.08
2015-09-28,66.08,100.32,73.81,54.92
2015-09-29,66.18,100.46,74.61,55.42
2015-09-30,65.74,99.53,73.8,54.8
2015-10-01,65.55,99.17,73.08,54.54
2015-10-05,65.29,99.31,73.39,54.39
2015-10-06,65.39,99.05,73.19,54.41
2015-10-07,65.26,99.53,73.47,54.34
2015-10-08,65.16,99.78,73.33,54.41
2015-10-09,64.78,99.54,73.08,53.96
2015-10-12,64.73,99.3,73.6,53.86
2015-10-13,65.02,99.89,73.92,54.26
2015-10-14,65.11,99.5,74.24,54.41
2015-10-15,64.82,100.41,74.5,54.61
2015-10-16,64.97,100.55,73.99,54.54
2015-10-19,64.82,100.12,73.75,54.36
2015-10-20,64.89,100.39,73.52,54.33
2015-10-21,65.15,100.54,73.97,54.31
2015-10-23,64.88,99.89,72.06,53.79
2015-10-26,64.96,99.55,71.64,53.63
2015-10-27,64.96,99.73,71.84,53.83
2015-10-28,65.04,99.58,71.75,54.01
2015-10-29,65.15,99.36,71.25,53.93
2015-10-30,65.22,99.93,71.67,53.92
2015-11-02,65.48,101.06,72.22,54.38
2015-11-03,65.45,100.96,72.1,54.24
2015-11-04,65.57,101.13,71.8,54.17
2015-11-05,65.68,101.02,71.35,54.05
2015-11-06,65.79,99.95,71.55,54
2015-11-09,66.34,100.03,71.45,53.79
2015-11-10,66.35,100.28,71.3,53.8
2015-11-13,66.14,100.55,71.26,53.9
2015-11-16,66.17,100.66,70.97,54.05
2015-11-17,65.98,100.11,70.35,53.48
2015-11-18,66.11,100.51,70.39,53.63
2015-11-19,66.11,101.03,70.78,53.62
2015-11-20,66.09,101.04,70.86,53.82
2015-11-23,66.35,100.66,70.47,53.87
2015-11-24,66.38,100.45,70.55,54.1
2015-11-26,66.55,100.64,70.7,54.3
2015-11-27,66.75,100.68,70.88,54.53
2015-11-30,66.81,100.37,70.68,54.41
2015-12-01,66.52,100.44,70.44,54.13
2015-12-02,66.62,100.34,70.67,54.12
2015-12-03,66.75,99.61,70.67,54.08
2015-12-04,66.84,101.04,73.05,54.51
2015-12-07,66.63,100.65,72.4,54.05
2015-12-08,66.8,100.49,72.52,54.27
2015-12-09,66.75,100.29,72.89,54.4
2015-12-10,66.79,101.37,73.46,54.91
2015-12-11,66.79,101.1,73.1,54.75
2015-12-14,66.99,101.78,73.47,55.29
2015-12-15,67.04,101.67,73.93,55.49
2015-12-16,66.85,100.58,73.16,54.84
2015-12-17,66.65,99.61,72.33,54.43
2015-12-18,66.42,99.17,72.14,54.48
2015-12-21,66.32,98.99,72.13,54.67
2015-12-22,66.3,98.71,72.33,54.68
2015-12-23,66.2,98.3,72.41,54.74
2015-12-28,66.14,98.69,72.55,54.92
2015-12-29,66.37,98.91,72.85,55.16
2015-12-30,66.42,98.55,72.6,55.17
2015-12-31,66.33,98.35,72.5,55.09
2016-01-01,66.18,97.61,71.86,55.01
2016-01-04,66.46,97.95,72.39,55.65
2016-01-05,66.54,97.96,72.03,55.71
2016-01-06,66.72,97.77,71.7,56.19
2016-01-07,66.91,97.85,72.38,56.78
2016-01-08,66.67,97.45,72.53,56.32
2016-01-11,66.79,97.06,72.93,56.93
2016-01-12,66.89,97.15,72.74,56.91
2016-01-13,66.84,96.6,72.43,56.57
2016-01-14,67.1,96.64,72.97,57.01
2016-01-15,67.43,97.11,73.39,57.25
2016-01-18,67.59,96.48,73.61,57.68
2016-01-19,67.56,96.42,73.5,57.37
2016-01-20,67.98,96.2,74.48,58.24
2016-01-21,68.06,96.56,74.17,58.3
2016-01-22,67.75,96.45,73.41,57.38
2016-01-25,67.64,96.74,73.12,56.93
2016-01-27,67.98,97.51,73.81,57.45
2016-01-28,68.09,97.02,74.06,57.36
2016-01-29,67.88,97.76,74.07,56.26
2016-02-01,67.67,96.51,73.41,55.78
2016-02-02,67.83,97.61,73.93,56.21
2016-02-03,68.18,98.32,74.46,56.98
2016-02-04,67.81,98.79,75.13,57.42
2016-02-05,67.64,98.47,75.73,57.91
2016-02-08,67.82,98.33,75.54,57.75
2016-02-09,68.16,98.27,76.38,59.39
2016-02-10,67.88,98.29,76.65,59.21
2016-02-11,68.02,98.81,76.84,60.54
2016-02-12,68.44,98.98,77.36,60.94
2016-02-15,68.13,99.01,76.51,59.84
2016-02-16,68.34,98.43,76.24,59.68
2016-02-17,68.59,98.02,76.61,60.32
2016-02-18,68.49,97.86,76.33,60.15
2016-02-22,68.55,97.84,76.2,60.75
2016-02-23,68.64,96.89,75.77,61.12
2016-02-24,68.57,95.81,75.47,61.27
2016-02-25,68.6,95.57,75.68,61.01
2016-02-26,68.78,96.09,76.04,61.03
2016-02-29,68.62,95.2,75.08,60.78
2016-03-01,68.16,95.04,74.22,60.5
2016-03-02,67.7,94.6,73.53,59.42
2016-03-03,67.38,94.9,73.17,59.05
2016-03-04,67.27,95.22,73.67,59.1
2016-03-08,67.34,95.9,74.19,59.59
2016-03-09,67.46,95.7,74.06,59.92
2016-03-10,67.05,95.23,73.62,58.99
2016-03-11,67.09,95.75,74.94,59.13
2016-03-14,67.02,96.34,74.8,58.9
2016-03-15,67.23,95.92,74.64,59.31
2016-03-16,67.37,95.17,74.76,59.4
2016-03-17,66.88,95.16,75.07,59.59
2016-03-18,66.61,96.32,75.3,59.87
2016-03-21,66.5,95.87,74.92,59.66
2016-03-22,66.54,95.75,74.9,59.37
2016-03-23,66.86,94.93,74.91,59.52
2016-03-28,66.67,94.3,74.42,58.72
2016-03-29,66.56,94.67,74.47,58.58
2016-03-30,66.41,95.63,75.03,59.11
2016-03-31,66.33,95.09,75.1,59.06
2016-04-04,66.24,94.16,75.37,59.44
2016-04-05,66.32,94.42,75.52,59.98
2016-04-06,66.58,94.09,75.63,60.31
2016-04-07,66.47,94.04,75.9,61.04
2016-04-11,66.39,93.79,75.75,61.53
2016-04-12,66.5,94.75,75.91,61.38
2016-04-13,66.43,94.67,75.46,60.98
2016-04-18,66.67,94.39,75.26,61.73
2016-04-20,66.24,95.21,75.28,60.82
2016-04-21,66.29,95.14,74.9,60.48
2016-04-22,66.49,95.44,75.1,60.15
2016-04-25,66.68,96.32,74.95,59.99
2016-04-26,66.73,96.77,75.18,60.22
2016-04-27,66.55,96.92,75.18,59.85
2016-04-28,66.4,96.83,75.42,61.32
2016-04-29,66.52,97.4,75.73,61.96
2016-05-02,66.34,97.02,76.06,62.31
2016-05-03,66.27,97.57,76.61,62.65
2016-05-04,66.54,96.83,76.46,62.21
2016-05-05,66.51,96.59,76.38,62.15
2016-05-06,66.58,96.35,75.93,62.13
2016-05-09,66.44,95.77,75.81,61.73
2016-05-10,66.72,96.11,75.96,61.35
2016-05-11,66.7,96.44,75.97,61.43
2016-05-12,66.6,96.15,76.06,61.16
2016-05-13,66.76,96.16,75.72,61.47
2016-05-16,66.82,95.96,75.6,61.45
2016-05-17,66.72,96.6,75.49,61.07
2016-05-18,66.91,96.61,75.48,61.25
2016-05-19,67.23,98.05,75.45,61.01
2016-05-20,67.41,98.46,75.54,61.17
2016-05-23,67.35,97.76,75.62,61.38
2016-05-24,67.71,98.07,75.93,61.97
2016-05-25,67.45,98.56,75.21,61.32
2016-05-26,67.29,98.95,75.22,61.34
2016-05-27,67.06,98.39,75.09,61.12
2016-05-30,67.34,98.44,74.84,60.49
2016-05-31,67.2,98.65,74.79,60.4
2016-06-01,67.35,97.53,74.96,61.31
2016-06-02,67.25,97.05,75.3,61.58
2016-06-03,67.24,96.9,74.99,61.83
2016-06-06,66.96,96.17,75.94,62.6
2016-06-07,66.83,96.94,75.92,62.1
2016-06-08,66.74,97.08,75.82,62.26
2016-06-09,66.63,96.72,75.89,62.41
2016-06-10,66.79,96.57,75.47,62.4
2016-06-13,67.07,95.12,75.51,63.32
2016-06-14,67.15,95.1,75.75,63.46
2016-06-15,67.16,95.11,75.29,63.19
2016-06-16,67.21,95.24,75.82,64.55
2016-06-17,67.17,95.55,75.46,64.39
2016-06-20,67.41,98.15,76.54,64.44
2016-06-21,67.48,99.26,76.45,64.59
2016-06-22,67.56,99.15,76.04,64.61
2016-06-23,67.37,99.47,76.38,64.52
2016-06-24,68.01,92.96,75.1,66.45
2016-06-27,67.9,90.91,74.88,66.69
2016-06-28,67.89,90.17,75.06,66.69
2016-06-29,67.74,90.49,75.02,66.21
2016-06-30,67.62,90.52,75.01,65.91
2016-07-01,67.44,89.55,74.74,65.67
2016-07-04,67.18,89.3,74.83,65.47
2016-07-05,67.4,89.15,75.03,66.06
2016-07-07,67.5,87.61,74.83,67
2016-07-08,67.46,87.32,74.72,67.15
2016-07-11,67.14,86.92,74.11,65.89
2016-07-12,67.15,87.86,74.45,64.94
2016-07-13,67.2,89.29,74.35,64.53
2016-07-14,66.91,88.55,74.35,63.38
2016-07-15,67.07,89.93,74.6,63.38
2016-07-18,67.1,88.69,74.17,63.51
2016-07-19,67.15,88.72,74.34,63.35
2016-07-20,67.17,88.04,73.99,63.23
2016-07-21,67.2,88.98,74.15,62.73
2016-07-22,67.14,88.95,74.03,63.41
2016-07-25,67.24,88.35,73.8,63.37
2016-07-26,67.37,88.17,74.17,64.58
2016-07-27,67.24,88.3,73.89,63.57
2016-07-28,67.06,88.43,74.36,64.07
2016-07-29,67.03,88.3,74.27,64.69
2016-08-01,66.74,88.44,74.52,65.08
2016-08-02,66.76,88.03,74.6,65.32
2016-08-03,66.94,89.01,74.99,66.26
2016-08-04,66.94,89.07,74.6,65.95
2016-08-05,66.81,87.75,74.45,66.13
2016-08-08,66.74,87.28,74.06,65.4
2016-08-09,66.96,86.99,74.18,65.36
2016-08-10,66.74,87.04,74.38,65.84
2016-08-11,66.86,86.95,74.65,65.91
2016-08-12,66.83,86.63,74.46,65.44
2016-08-16,66.9,86.34,75.02,66.68
2016-08-18,66.79,87.26,75.58,66.84
2016-08-19,66.93,87.97,75.87,66.82
2016-08-22,67.19,87.67,75.81,66.67
2016-08-23,67.09,88.29,76.04,67.03
2016-08-24,67.13,88.39,75.81,66.9
2016-08-25,67.09,88.66,75.59,66.84
2016-08-26,67.03,88.59,75.74,66.72
2016-08-29,67.18,88.01,75.18,65.62
2016-08-30,67.09,87.69,74.94,65.61
2016-08-31,66.98,87.69,74.62,64.89
2016-09-01,66.95,88.05,74.66,64.78
2016-09-02,66.84,88.7,74.8,64.52
2016-09-06,66.55,88.65,74.17,64.2
2016-09-07,66.36,89.04,74.69,65.46
2016-09-08,66.45,88.61,74.77,65.33
2016-09-09,66.55,88.59,75.02,65.13
2016-09-12,66.9,88.77,75.22,65.26
2016-09-14,66.96,88.49,75.21,64.83
2016-09-15,67.02,88.71,75.36,65.58
2016-09-16,66.88,88.47,75.15,65.52
2016-09-19,66.87,87.26,74.68,65.54
2016-09-20,67.02,87.37,74.88,65.86
2016-09-21,67.06,87.01,74.69,65.49
2016-09-22,66.85,87.34,75.02,66.65
2016-09-23,66.65,86.92,74.67,66.08
2016-09-26,66.71,86.47,74.88,66.13
2016-09-27,66.46,86.34,74.74,65.84
2016-09-28,66.45,86.48,74.46,66.09
2016-09-29,66.55,86.61,74.68,65.43
2016-09-30,66.66,86.42,74.75,66.05
2016-10-03,66.53,85.87,74.72,65.7
2016-10-04,66.56,85.32,74.44,65.08
2016-10-05,66.57,84.48,74.65,64.7
2016-10-06,66.63,84.67,74.58,64.34
2016-10-07,66.79,83.24,74.27,64.3
2016-10-10,66.59,82.48,74.4,64.56
2016-10-13,66.85,81.31,73.67,64.44
2016-10-14,66.85,81.48,73.69,64.23
2016-10-17,66.78,81.31,73.37,64.12
2016-10-18,66.73,81.71,73.55,64.14
2016-10-19,66.71,81.79,73.21,64.4
2016-10-20,66.74,81.91,73.15,64.35
2016-10-21,66.89,81.96,72.98,64.4
2016-10-24,66.86,81.67,72.8,64.43
2016-10-25,66.88,81.77,72.79,64.06
2016-10-26,66.76,81.36,72.82,64.13
2016-10-27,66.89,81.69,72.94,63.93
2016-10-28,66.86,81.3,72.91,63.44
2016-11-01,66.71,81.56,73.18,63.68
2016-11-02,66.83,81.89,73.95,64.37
2016-11-03,66.69,82.25,74.15,64.95
2016-11-04,66.72,83.14,74.05,64.62
2016-11-07,66.73,82.93,73.84,63.88
2016-11-08,66.71,82.71,73.65,63.91
2016-11-09,66.8,83.43,74.97,65.05
2016-11-10,66.43,82.51,72.71,63.02
2016-11-11,67.03,84.18,73.12,62.94
2016-11-15,67.72,84.42,72.78,62.61
2016-11-16,67.78,84.62,72.84,62.12
2016-11-17,67.91,84.32,72.56,62.1
2016-11-18,68.09,84.42,72.21,61.56
2016-11-21,68.26,84.2,72.35,61.45
2016-11-22,68.23,85.17,72.43,61.46
2016-11-23,68.48,84.97,72.78,61.71
2016-11-24,68.66,85.36,72.38,60.9
2016-11-25,68.46,85.22,72.39,60.32
2016-11-28,68.72,85.85,73.18,61.32
2016-11-29,68.65,85.23,72.8,61.25
2016-11-30,68.53,85.53,72.84,60.79
2016-12-01,68.37,85.7,72.63,60.01
2016-12-02,68.37,86.28,73.04,59.96
2016-12-05,68.17,86.54,72.04,60.11
2016-12-06,68.03,86.73,73.11,59.68
2016-12-07,67.87,85.86,72.75,59.41
2016-12-08,67.43,85.24,72.61,59.44
2016-12-09,67.58,85.13,71.76,59.06
2016-12-13,67.49,85.55,71.77,58.54
2016-12-14,67.56,85.55,71.92,58.66
2016-12-15,67.8,85.12,71.16,57.72
2016-12-16,67.78,84.23,70.75,57.38
2016-12-19,67.73,84.54,70.84,57.73
2016-12-20,67.9,84.1,70.47,57.66
2016-12-21,67.87,83.96,70.61,57.7
2016-12-22,67.91,83.91,70.87,57.73
2016-12-23,67.91,83.48,70.95,57.88
2016-12-26,67.83,83.31,70.97,57.96
2016-12-27,68,83.5,71.05,57.97
2016-12-28,68.23,83.86,71.45,58.06
2016-12-29,68.12,83.42,71.21,58.41
2016-12-30,67.95,83.42,71.62,58.22
2017-01-02,68.02,83.97,71.51,58.19
2017-01-03,68.09,83.76,71.38,58.03
2017-01-04,68.18,83.53,70.99,57.81
2017-01-05,67.79,83.71,71.56,58.33
2017-01-06,67.95,84.1,71.87,58.5
2017-01-09,68.19,83.13,71.82,58.1
2017-01-10,68.06,82.7,72.18,58.88
2017-01-11,68.23,82.96,72.32,58.82
2017-01-12,68.09,83.19,72.23,59.45
2017-01-13,68.23,82.98,72.48,59.4
2017-01-16,68.16,82,72.42,59.79
2017-01-17,68.05,82.46,72.5,59.98
2017-01-18,67.94,83.84,72.6,59.97
2017-01-19,68.18,83.69,72.52,59.48
2017-01-20,68.09,84.12,72.73,59.38
2017-01-23,68.08,84.65,73.15,60.1
2017-01-24,68.16,85.15,73.23,60.27
2017-01-25,68.16,85.31,73.09,59.98
2017-01-27,68.2,85.49,72.75,59.24
2017-01-30,68.04,85.52,72.96,59.38
2017-01-31,67.81,84.85,72.55,59.77
2017-02-01,67.65,84.95,72.92,59.69
2017-02-02,67.45,85.49,72.8,59.91
2017-02-03,67.38,84.32,72.44,59.6
2017-02-06,67.2,83.92,72.4,59.73
2017-02-07,67.37,83.95,72.07,60.26
2017-02-08,67.31,84.17,71.88,59.94
2017-02-09,67.01,83.82,71.54,59.71
2017-02-10,66.94,83.77,71.33,58.89
2017-02-13,66.97,83.76,71.17,58.89
2017-02-14,66.94,83.98,71.09,59.06
2017-02-15,66.92,83.41,70.82,58.56
2017-02-16,66.95,83.44,71.02,58.75
2017-02-17,67.05,83.76,71.51,59.15
2017-02-20,66.98,83.19,71.06,59.16
2017-02-22,66.96,83.69,70.54,58.98
2017-02-23,66.84,83.12,70.54,59.01
2017-02-27,66.72,82.89,70.51,59.51
2017-02-28,66.74,83.05,70.72,59.35
2017-03-01,66.85,82.72,70.57,58.91
2017-03-02,66.74,81.99,70.31,58.5
2017-03-03,66.84,81.96,70.35,58.55
2017-03-06,66.76,81.98,70.73,58.67
2017-03-07,66.63,81.53,70.56,58.48
2017-03-08,66.64,81.32,70.4,58.61
2017-03-09,66.77,81.17,70.32,58.33
2017-03-10,66.69,81.05,70.64,57.79
2017-03-14,66.18,80.5,70.44,57.57
2017-03-15,65.51,80.07,69.62,57.08
2017-03-16,65.38,80.26,70.19,57.73
2017-03-17,65.54,81,70.61,57.84
2017-03-20,65.38,81.02,70.38,58.06
2017-03-21,65.31,80.63,70.3,57.95
2017-03-22,65.49,81.68,70.72,58.7
2017-03-23,65.42,81.85,70.67,58.81
2017-03-24,65.46,81.67,70.47,58.74
2017-03-27,65.09,81.65,70.67,59.08
2017-03-29,64.96,80.48,70.11,58.41
2017-03-30,64.93,80.75,69.87,58.43
2017-03-31,64.84,80.88,69.25,57.96
2017-04-03,64.91,81.43,69.28,58.23
2017-04-05,65.04,80.88,69.4,58.76
2017-04-06,64.98,81.15,69.39,58.79
2017-04-07,64.39,80.26,68.56,58.19
2017-04-10,64.44,79.86,68.25,57.87
2017-04-11,64.54,80.14,68.31,58.37
2017-04-12,64.69,80.81,68.67,59.06
2017-04-13,64.32,80.83,68.62,58.97
2017-04-17,64.41,80.72,68.4,59.39
2017-04-18,64.57,81.18,68.74,59.22
2017-04-19,64.54,82.75,69.19,59.39
2017-04-20,64.64,82.81,69.34,59.35
2017-04-21,64.57,82.7,69.17,59.03
2017-04-24,64.48,82.46,69.99,58.56
2017-04-25,64.28,82.27,69.86,58.33
2017-04-26,64,82.13,70.04,57.47
2017-04-27,64.11,82.59,69.89,57.6
2017-04-28,64.22,82.83,69.88,57.72
2017-05-02,64.21,82.69,70.04,57.27
2017-05-03,64.14,82.8,70.03,57.24
2017-05-04,64.21,82.56,69.94,56.95
2017-05-05,64.31,83.13,70.6,57.37
2017-05-08,64.22,83.26,70.5,56.99
2017-05-09,64.51,83.53,70.47,56.9
2017-05-11,64.44,83.42,70.15,56.48
2017-05-12,64.3,82.87,69.89,56.56
2017-05-15,64.12,82.84,70.13,56.48
2017-05-16,64.08,82.78,70.55,56.52
2017-05-17,64.02,82.77,71.16,56.99
2017-05-18,64.34,83.31,71.62,57.8
2017-05-19,64.99,84.18,72.3,58.44
2017-05-20,64.56,83.95,72.23,57.98
2017-05-22,64.56,83.95,72.23,57.98
2017-05-23,64.78,84.03,72.75,58.37
2017-05-24,64.86,84.1,72.47,57.96
2017-05-25,64.51,83.77,72.47,57.74
2017-05-26,64.59,83.18,72.33,57.95
2017-05-29,64.56,82.82,72.14,58.03
2017-05-30,64.63,82.79,71.83,58.24
2017-05-31,64.55,82.64,72.14,58.15
2017-06-01,64.47,82.87,72.45,58.07
2017-06-02,64.42,82.92,72.27,57.72
2017-06-05,64.35,82.8,72.49,58.2
2017-06-06,64.35,83.16,72.52,58.71
2017-06-07,64.45,83.25,72.66,58.93
2017-06-08,64.36,83.43,72.51,58.76
2017-06-09,64.26,81.75,71.98,58.31
2017-06-12,64.34,82.09,72.13,58.36
2017-06-13,64.45,81.74,72.15,58.59
2017-06-14,64.31,82.11,72.13,58.45
2017-06-15,64.28,81.91,72.11,58.62
2017-06-16,64.59,82.51,72.05,58.05
2017-06-19,64.38,82.21,72.1,57.98
2017-06-20,64.47,82.15,71.96,57.8
2017-06-21,64.6,81.53,71.94,58.07
2017-06-22,64.5,81.8,72.07,58.05
2017-06-23,64.54,81.97,72.08,58.01
2017-06-27,64.46,82.08,72.19,57.71
2017-06-28,64.53,82.66,73.38,57.44
2017-06-29,64.47,83.56,73.52,57.4
2017-06-30,64.74,84.26,74,57.78
2017-07-03,64.75,84.17,73.86,57.54
2017-07-04,64.82,83.91,73.6,57.49
2017-07-05,64.72,83.61,73.5,57.15
2017-07-06,64.78,83.82,73.43,57.25
2017-07-07,64.73,83.88,73.88,56.94
2017-07-10,64.54,83.28,73.58,56.53
2017-07-11,64.5,83.09,73.44,56.38
2017-07-12,64.5,82.69,73.97,56.85
2017-07-13,64.44,83.25,73.79,57.02
2017-07-14,64.45,83.55,73.57,56.9
2017-07-17,64.37,84.22,73.69,57.12
2017-07-18,64.33,84.29,74.15,57.39
2017-07-19,64.32,83.86,74.23,57.43
2017-07-20,64.43,83.92,74.19,57.45
2017-07-21,64.32,83.54,74.88,57.53
2017-07-24,64.45,83.82,75.13,58.01
2017-07-25,64.36,83.88,75.06,58.05
2017-07-26,64.42,83.83,74.92,57.56
2017-07-27,64.12,84.21,75.21,57.74
2017-07-28,64.15,83.89,74.98,57.78
2017-07-31,64.08,84.16,75.22,57.98
2017-08-01,64.07,84.62,75.74,58.12
2017-08-02,64.07,84.64,75.75,57.86
2017-08-03,63.63,84.16,75.39,57.53
2017-08-04,63.71,83.71,75.66,57.85
2017-08-07,63.74,83.16,75.1,57.55
2017-08-08,63.74,83.15,75.29,57.63
2017-08-09,63.75,82.92,74.86,57.94
2017-08-10,63.94,83.01,75.06,58.15
2017-08-11,64.17,83.27,75.46,58.76
2017-08-14,64.03,83.28,75.7,58.43
2017-08-16,64.24,82.62,75.38,58.01
2017-08-18,64.1,82.62,75.21,58.63
2017-08-21,64.03,82.4,75.21,58.68
2017-08-22,64.11,82.6,75.65,58.69
2017-08-23,64.13,82.23,75.41,58.58
2017-08-24,64.07,81.94,75.58,58.67
2017-08-28,63.87,82.36,76.22,58.53
2017-08-29,64.02,82.88,76.75,58.81
2017-08-30,63.94,82.62,76.45,58.16
2017-08-31,64.02,82.7,76.04,57.91
2017-09-01,63.98,82.66,76.1,58.1
2017-09-04,64.05,82.97,76.15,58.51
2017-09-05,64.12,82.82,76.29,58.63
2017-09-06,64.21,83.64,76.54,59.04
2017-09-07,64.03,83.47,76.36,58.7
2017-09-08,63.87,83.88,77.04,59.28
2017-09-11,63.89,84.26,76.73,58.86
2017-09-12,63.95,84.36,76.55,58.41
2017-09-13,63.98,85.15,76.66,58.11
2017-09-14,64.07,84.69,76.14,58.02
2017-09-15,64.08,86.12,76.4,57.92
2017-09-18,64.04,87.08,76.49,57.57
2017-09-19,64.18,86.81,77.02,57.45
2017-09-20,64.36,87.03,77.25,57.76
2017-09-21,64.53,87.15,76.74,57.3
2017-09-22,64.96,88.31,77.76,57.99
2017-09-25,64.84,87.94,77.3,57.75
2017-09-26,65.34,88.07,77.43,58.58
2017-09-27,65.69,88.14,77.37,58.4
2017-09-28,65.76,87.98,77.18,58.18
2017-09-29,65.36,87.71,77.06,58.03
2017-10-03,65.55,86.87,76.78,57.97
2017-10-04,65.29,86.63,76.83,58
2017-10-05,65.18,86.21,76.57,57.77
2017-10-06,65.23,85.31,76.26,57.72
2017-10-09,65.31,85.63,76.6,57.99
2017-10-10,65.27,85.94,76.83,57.95
2017-10-11,65.27,86.12,77.17,58.08
2017-10-12,65.1,86.23,77.27,57.98
2017-10-13,64.93,86.31,76.88,58.01
2017-10-16,64.76,86.01,76.39,57.93
2017-10-17,64.92,86.04,76.42,57.87
2017-10-18,65.06,85.74,76.54,57.93
2017-10-23,65.02,85.84,76.51,57.17
2017-10-24,64.93,85.79,76.34,57.18
2017-10-25,65.14,85.48,76.59,57.19
2017-10-26,64.79,85.88,76.61,57.06
2017-10-27,65.09,85.38,75.68,57
2017-10-28,64.93,85.38,75.43,57.13
2017-10-30,64.93,85.38,75.43,57.13
2017-10-31,64.77,85.6,75.42,57.27
2017-11-01,64.53,85.67,75.08,56.7
2017-11-02,64.59,85.79,75.28,56.72
2017-11-03,64.58,84.43,75.33,56.66
2017-11-06,64.73,84.64,75.18,56.66
2017-11-07,64.81,85.34,75.23,56.85
2017-11-08,65.06,85.57,75.38,57.12
2017-11-09,64.9,85.25,75.31,57.13
2017-11-10,65.01,85.55,75.74,57.34
2017-11-13,65.43,85.82,76.22,57.68
2017-11-14,65.52,85.94,76.48,57.65
2017-11-15,65.37,85.91,77.06,57.76
2017-11-16,65.3,86.05,77,57.81
2017-11-17,64.85,85.79,76.56,57.59
2017-11-20,65.06,85.93,76.36,58.08
2017-11-21,65.04,86.19,76.39,57.82
2017-11-22,64.75,85.85,76.08,57.75
2017-11-23,64.79,86.33,76.63,58.22
2017-11-24,64.73,86.04,76.72,58.07
2017-11-27,64.69,86.16,77.14,58.1
2017-11-28,64.42,85.85,76.7,57.94
2017-11-29,64.41,86.14,76.32,57.75
2017-11-30,64.43,86.8,76.49,57.46
2017-12-04,64.38,86.64,76.37,57.04
2017-12-05,64.38,86.64,76.38,57.15
2017-12-06,64.45,86.49,76.28,57.42
2017-12-07,64.54,86.31,76.08,57.33
2017-12-08,64.46,87.04,75.8,56.84
2017-12-11,64.36,86.33,75.81,56.68
2017-12-12,64.48,86.05,75.93,56.84
2017-12-13,64.45,85.94,75.78,56.87
2017-12-14,64.28,86.35,76,57.06
2017-12-15,64.1,86.13,75.52,57.13
2017-12-18,64.11,85.54,75.43,56.9
2017-12-19,64.12,85.79,75.64,56.98
2017-12-20,64.06,85.76,75.83,56.7
2017-12-21,64.09,85.63,76.03,56.5
2017-12-22,64.04,85.67,75.88,56.51
2017-12-26,64.05,85.67,76.03,56.53
2017-12-27,64.16,85.84,76.23,56.68
2017-12-28,64.17,86.22,76.56,56.89
2017-12-29,63.93,86.07,76.39,56.72
2018-01-01,63.67,85.9,76.41,56.51
2018-01-02,63.67,86.11,76.59,56.52
2018-01-03,63.48,86.41,76.54,56.55
2018-01-04,63.39,85.74,76.25,56.31
2018-01-05,63.38,86.02,76.5,56.06
2018-01-08,63.35,85.89,76.15,55.95
2018-01-09,70.44,89.72,80.71,64.71
2018-01-10,63.83,86.28,76.14,56.81
2018-01-11,63.74,86.01,76.14,57.03
2018-01-12,63.53,86.05,76.53,57.09
2018-01-15,63.41,87.18,77.45,57.23
2018-01-16,63.76,87.91,78.2,57.5
2018-01-17,63.98,88.13,78.35,57.74
2018-01-18,63.84,88.28,77.88,57.41
2018-01-19,63.72,88.64,78.14,57.49
2018-01-22,63.89,88.6,78.12,57.64
2018-01-23,63.77,89.2,78.22,57.57
2018-01-24,63.64,89.32,78.45,57.92
2018-01-25,63.5,90.92,79.07,58.36
2018-01-29,63.55,89.82,78.87,58.38
2018-01-30,63.75,89.39,78.75,58.62
2018-01-31,63.69,90.35,79.21,58.6
2018-02-01,63.61,90.18,78.95,58.09
2018-02-02,64.08,91.34,80.03,58.36
2018-02-05,64.03,90.4,79.73,58.22
2018-02-06,64.27,89.72,79.52,59.05
2018-02-07,64.14,89.5,79.43,58.71
2018-02-08,64.16,89.19,78.75,58.5
2018-02-09,64.37,89.71,78.89,59.06
2018-02-12,64.28,89.02,78.93,59.14
2018-02-14,64.13,89.17,79.39,59.84
2018-02-15,63.92,89.55,79.68,60.05
2018-02-16,63.91,90.31,80.17,60.46
2018-02-20,64.53,90.13,79.86,60.35
2018-02-21,64.82,90.66,79.94,60.17
2018-02-22,65.05,90.41,79.83,60.55
2018-02-23,64.82,90.4,79.76,60.59
2018-02-26,64.66,90.65,79.7,60.69
2018-02-27,64.85,90.58,79.97,60.71
2018-02-28,65.1,90.45,79.59,60.8
2018-03-01,65.23,89.71,79.5,61.07
2018-03-05,65.05,89.7,80.03,61.64
2018-03-06,64.99,89.91,80.21,61.2
2018-03-07,64.96,90.34,80.75,61.55
2018-03-08,64.92,90.23,80.54,61.26
2018-03-09,65.08,89.85,80.16,60.97
2018-03-12,65.02,90.12,80.09,60.96
2018-03-13,64.96,90.23,80.09,60.85
2018-03-14,64.99,90.83,80.58,60.99
2018-03-15,64.94,90.72,80.32,61.27
2018-03-16,64.87,90.49,79.91,61.27
2018-03-19,65.04,90.56,79.78,61.5
2018-03-20,65.2,91.49,80.46,61.33
2018-03-21,65.22,91.33,79.96,61.28
2018-03-22,65.06,92.06,80.37,61.44
2018-03-23,65.13,91.96,80.34,62.13
2018-03-26,64.91,91.87,80.26,61.82
2018-03-27,64.8,92.26,80.76,61.36
2018-03-28,65.04,92.28,80.62,61.54
2018-04-03,65.02,91.46,80.09,61.31
2018-04-04,65.02,91.49,79.79,61
2018-04-05,65.06,91.5,79.78,60.78
2018-04-06,64.99,90.96,79.51,60.54
2018-04-09,64.93,91.5,79.69,60.66
2018-04-10,64.94,91.75,79.9,60.58
2018-04-11,65.13,92.52,80.59,60.84
2018-04-12,65.35,92.7,80.8,61.15
2018-04-13,65.22,92.77,80.34,60.64
2018-04-16,65.45,93.28,80.74,61.02
2018-04-17,65.61,94.21,81.32,61.35
2018-04-18,65.68,93.98,81.3,61.21
2018-04-19,65.78,93.42,81.39,61.22
2018-04-20,66.02,92.73,81.46,61.4
2018-04-23,66.22,92.84,81.27,61.4
2018-04-24,66.36,92.51,81.05,60.98
2018-04-25,66.7,93.14,81.43,61.12
2018-04-26,66.83,93.17,81.38,61.12
2018-04-27,66.78,92.89,80.74,61.08
2018-05-02,66.66,90.66,80.01,60.71
2018-05-03,66.61,90.6,79.86,60.79
2018-05-04,66.77,90.58,79.97,61.17
2018-05-07,67.11,90.85,80.12,61.44
2018-05-08,67.08,91.14,80.01,61.56
2018-05-09,67.38,91.09,79.75,61.49
2018-05-10,67.38,91.39,79.89,61.34
2018-05-11,67.22,90.88,80.09,61.43
2018-05-14,67.32,91.25,80.51,61.54
2018-05-15,67.53,91.49,80.53,61.44
2018-05-16,67.83,91.68,80.29,61.52
2018-05-17,67.72,91.65,79.89,61.28
2018-05-18,67.96,91.88,80.28,61.31
2018-05-21,68.09,91.41,79.93,61.15
2018-05-22,68.02,91.25,80.07,61.25
2018-05-23,68.21,91.43,80.24,61.74
2018-05-24,68.39,91.44,80.14,62.4
2018-05-25,68.26,91.22,79.88,62.38
2018-05-28,67.44,89.89,79,61.75
2018-05-29,67.82,90.17,78.7,62.27
2018-05-30,67.63,89.7,78.2,62.21
2018-05-31,67.45,89.79,78.79,62.04
2018-06-01,67.18,89.14,78.41,61.56
2018-06-04,67.05,89.62,78.36,61.14
2018-06-05,67.18,89.43,78.54,61.14
2018-06-06,67.04,67.04,67.04,61.02
2018-06-07,67.02,90.05,79.1,60.91
2018-06-08,67.52,90.6,79.58,61.6
2018-06-11,67.34,90.37,79.52,61.24
2018-06-12,67.46,90.06,79.35,61.1
2018-06-13,67.63,90.33,79.39,61.15
2018-06-14,67.69,90.68,79.93,61.52
2018-06-15,67.97,90,78.61,61.34
2018-06-18,68.02,90.25,78.85,61.55
2018-06-19,68.15,90.31,79.16,62.19
2018-06-20,68.08,89.6,78.83,61.82
2018-06-21,68.2,89.58,78.79,61.61
2018-06-22,67.77,89.96,78.86,61.61
2018-06-25,68.15,90.27,79.35,62.27
2018-06-26,68.17,90.47,79.74,62.17
2018-06-27,68.52,90.6,79.87,62.36
2018-06-28,68.94,90.21,79.64,62.53
2018-06-29,68.58,89.93,79.85,62.02
2018-07-02,68.62,90.43,79.96,62
2018-07-03,68.69,90.35,80.02,61.91
2018-07-04,68.53,90.52,80.02,62.09
2018-07-05,68.75,91.07,80.48,62.17
2018-07-06,68.88,91.14,80.63,62.25
2018-07-09,68.66,91.47,80.78,62.16
2018-07-10,68.79,91.11,80.78,61.93
2018-07-11,68.83,91.35,80.79,61.98
2018-07-12,68.63,90.67,80.17,61.15
2018-07-13,68.41,90.07,79.76,60.77
2018-07-16,68.59,90.85,80.25,61.02
2018-07-17,68.3,90.52,80.1,60.78
2018-07-18,68.57,89.73,79.74,60.65
2018-07-19,68.83,89.93,80.12,61.01
2018-07-20,68.85,89.67,80.31,61.27
2018-07-21,68.7,90.28,80.56,61.93
2018-07-23,68.7,90.28,80.56,61.93
2018-07-24,69.05,90.3,80.54,61.98
2018-07-25,68.8,90.58,80.45,61.88
2018-07-26,68.7,90.66,80.6,62.09
2018-07-27,68.7,89.99,79.98,61.84
2018-07-30,68.75,90.15,80.16,61.89
2018-07-31,68.61,90.09,80.37,61.69
2018-08-01,68.61,89.93,80.12,61.21
2018-08-02,68.36,89.52,79.57,61.23
2018-08-03,68.79,89.52,79.67,61.58
2018-08-06,68.68,89.26,79.38,61.71
2018-08-07,68.8,89.14,79.56,61.81
2018-08-08,68.65,88.82,79.72,61.74
2018-08-09,68.62,88.35,79.63,61.8
2018-08-10,68.95,88.19,79,62.15
2018-08-13,69.47,88.63,79.19,62.97
2018-08-14,69.77,89.23,79.7,62.9
2018-08-16,70.23,89.37,79.97,63.35
2018-08-20,69.76,88.87,79.67,63.09
2018-08-21,69.67,89.4,80.25,63.3
2018-08-23,70.07,90.26,81.05,63.21
2018-08-24,70.14,89.97,81.17,62.98
2018-08-27,70.04,89.95,81.3,63.07
2018-08-28,70.17,90.33,81.93,63.08
2018-08-29,70.5,90.63,82.34,63.42
2018-08-30,70.73,92.15,82.72,63.34
2018-08-31,70.93,92.35,82.84,63.91
2018-09-03,70.77,91.36,82.14,63.8
2018-09-04,71.19,91.46,82.49,63.92
2018-09-05,71.75,92.23,83.13,64.36
2018-09-06,71.92,92.8,83.6,64.56
2018-09-07,71.9,93.04,83.67,64.98
2018-09-10,72.57,93.74,83.81,65.42
2018-09-11,72.32,94.42,84.08,64.89
2018-09-12,72.75,94.62,84.32,65.22
2018-09-14,71.81,94.16,83.98,64.19
2018-09-17,72.55,94.94,84.4,64.78
2018-09-18,72.38,95.29,84.77,64.59
2018-09-19,72.68,95.59,84.91,64.69
2018-09-21,71.85,95.15,84.68,63.67
2018-09-24,72.69,95,85.25,64.61
2018-09-25,72.81,95.5,85.62,64.47
2018-09-26,72.72,95.77,85.54,64.42
2018-09-27,72.65,95.43,85.04,64.47
2018-09-28,72.55,94.91,84.44,63.9
2018-10-01,72.8,94.88,84.38,63.89
2018-10-03,73.03,94.99,84.58,64.18
2018-10-04,73.75,95.39,84.63,64.49
2018-10-05,73.58,95.89,84.7,64.59
2018-10-08,73.92,96.86,85.06,64.96
2018-10-09,74.1,96.99,85.11,65.51
2018-10-10,74.13,97.63,85.26,65.6
2018-10-11,74.39,98.3,85.9,66.29
2018-10-12,73.8,97.65,85.55,65.67
2018-10-15,73.97,97.08,85.49,66.08
2018-10-16,73.9,97.33,85.58,65.95
2018-10-17,73.48,96.87,84.98,65.47
2018-10-19,73.44,95.65,84.17,65.27
2018-10-22,73.3,95.93,84.57,65.02
2018-10-23,73.78,95.56,84.47,65.62
2018-10-24,73.26,95.05,83.99,65.13
2018-10-25,73.27,94.62,83.65,65.33
2018-10-26,73.37,94.05,83.41,65.41
2018-10-29,73.42,94.26,83.69,65.62
2018-10-30,73.57,94.18,83.71,65.28
2018-10-31,73.99,94.1,83.93,65.36
2018-11-01,73.83,94.82,83.73,65.4
2018-11-02,72.88,94.75,83.23,64.47
2018-11-05,73.07,94.98,83.26,64.5
2018-11-06,73.01,95.3,83.26,64.37
2018-11-09,72.73,94.87,82.52,63.84
2018-11-12,72.91,93.99,82.43,63.91
2018-11-13,72.59,93.49,81.61,63.69
2018-11-14,72.1,93.7,81.44,63.31
2018-11-15,72.16,93.95,81.83,63.55
2018-11-16,71.8,91.92,81.46,63.37
2018-11-19,71.9,92.2,81.94,63.74
2018-11-20,71.33,91.72,81.69,63.4
2018-11-22,71.18,91.04,81.19,62.97
2018-11-26,70.71,90.65,80.27,62.47
2018-11-27,70.91,90.84,80.42,62.49
2018-11-28,70.69,90.14,79.88,62.08
2018-11-29,69.92,89.74,79.58,61.71
2018-11-30,69.66,89.08,79.36,61.43
2018-12-03,70.03,89.5,79.59,61.69
2018-12-04,70.35,89.65,80.08,62.21
2018-12-05,70.52,89.45,79.84,62.37
2018-12-06,71.04,90.3,80.55,62.99
2018-12-07,70.57,90.12,80.22,62.53
2018-12-10,71.33,90.91,81.57,63.43
2018-12-11,71.93,90.43,81.73,63.57
2018-12-12,72.04,90.04,81.59,63.5
2018-12-13,71.54,90.31,81.34,63.06
2018-12-14,71.74,90.58,81.46,63.2
2018-12-17,71.67,90.2,81.07,63.17
2018-12-18,71.19,89.88,80.76,63.21
2018-12-19,70.11,88.74,79.82,62.38
2018-12-20,70.28,88.85,80.05,62.79
2018-12-21,70.04,88.7,80.21,62.87
2018-12-24,70.18,88.87,79.88,63.16
2018-12-26,69.99,88.96,79.82,63.36
2018-12-27,70.33,88.98,80.02,63.25
2018-12-28,69.98,88.66,80.18,63.28
2018-12-31,69.79,88.55,79.78,63.21
2019-01-01,69.71,88.97,79.93,63.57
2019-01-02,69.61,88.83,79.96,63.75
2019-01-03,70.36,88.28,79.92,65.8
2019-01-04,69.87,88.26,79.57,64.6
2019-01-07,69.48,88.59,79.39,64.21
2019-01-08,70.02,89.42,80.16,64.37
2019-01-09,70.44,89.72,80.71,64.71
2019-01-10,70.51,90.17,81.49,65.4
2019-01-11,70.47,89.92,81.21,65.03
2019-01-14,70.82,90.96,81.25,65.5
2019-01-15,71.03,91.62,81.5,65.37
2019-01-16,71.18,91.46,81.18,65.62
2019-01-17,71.34,91.86,81.26,65.51
2019-01-18,71.14,92.29,81.07,65.04
2019-01-21,71.38,91.89,81.23,65.15
2019-01-22,71.38,91.9,81.04,65.23
2019-01-23,71.2,92.21,80.94,64.94
2019-01-24,71.28,93.15,81.11,64.97
2019-01-25,71.11,93.24,80.5,64.74
2019-01-28,71.13,93.82,81.15,65.05
2019-01-29,71.09,93.55,81.32,65.05
2019-01-30,71.24,93.29,81.54,65.2
2019-01-31,71.03,93.24,81.68,65.3
2019-02-01,71.11,93.17,81.34,65.31
2019-02-04,71.66,93.71,82,65.29
2019-02-05,71.75,93.56,82.01,65.29
2019-02-06,71.57,92.69,81.55,65.21
2019-02-07,71.47,92.45,81.2,65
2019-02-08,71.29,92.29,80.83,64.98
2019-02-11,71.16,92.02,80.59,64.71
2019-02-12,70.94,91.26,80.03,64.15
2019-02-13,70.55,91.13,79.96,63.78
2019-02-14,70.94,91.28,80,63.88
2019-02-15,71.25,91.23,80.42,64.55
2019-02-18,71.47,92.27,80.81,64.64
2019-02-20,71.18,92.93,80.71,64.21
2019-02-21,71.15,92.72,80.62,64.24
2019-02-22,71.22,92.83,80.75,64.29
2019-02-25,71.04,92.88,80.6,64.22
2019-02-26,71.1,93.36,80.75,64.16
2019-02-27,71.17,94.22,80.97,64.38
2019-02-28,71.2,94.7,80.98,64.24
2019-03-01,70.97,94.09,80.72,63.49
2019-03-05,70.76,93.12,80.16,63.23
2019-03-06,70.58,92.72,79.77,63.13
2019-03-07,70.03,92.26,79.17,62.66
2019-03-08,70.1,91.8,78.55,63.13
2019-03-11,69.93,90.79,78.57,62.93
2019-03-12,69.6,91.87,78.34,62.54
2019-03-13,69.62,91.15,78.57,62.55
2019-03-14,69.67,92.29,78.84,62.43
2019-03-15,69.21,91.64,78.34,61.99
2019-03-18,68.61,91.12,77.78,61.5
2019-03-19,68.58,91.01,77.82,61.66
2019-03-20,68.86,91.28,78.14,61.72
2019-03-22,68.66,90.28,78.14,61.97
2019-03-25,68.99,90.87,77.97,62.76
2019-03-26,68.85,90.77,77.87,62.55
2019-03-27,68.9,90.88,77.6,62.33
2019-03-28,69,91.03,77.69,62.69
2019-03-29,69.17,90.48,77.7,62.52
2019-04-02,69.12,90.21,77.45,62.09
2019-04-03,68.49,90.02,76.88,61.45
2019-04-04,68.84,90.77,77.39,61.82
2019-04-05,69.2,90.64,77.73,61.96
2019-04-08,69.51,90.78,78.04,62.38
2019-04-09,69.54,90.95,78.31,62.45
2019-04-10,69.15,90.38,77.91,62.21
2019-04-11,68.97,90.28,77.79,62.07
2019-04-12,69.32,90.56,78.23,61.99
2019-04-15,69.23,90.62,78.3,61.84
2019-04-16,69.58,91.09,78.65,62.16
2019-04-18,69.42,90.55,78.43,62.04
2019-04-22,69.74,90.64,78.41,62.32
2019-04-23,69.75,90.54,78.43,62.34
2019-04-24,69.9,90.35,78.33,62.53
2019-04-25,69.94,90.26,78.05,62.49
2019-04-26,70.14,90.53,78.13,62.8
2019-04-30,69.84,90.33,78.08,62.68
2019-05-02,69.54,90.79,77.88,62.34
2019-05-03,69.27,90.24,77.34,62.13
2019-05-06,69.36,91,77.64,62.62
2019-05-07,69.31,90.97,77.7,62.59
2019-05-08,69.6,90.9,78.01,63.23
2019-05-09,69.87,90.99,78.25,63.59
2019-05-10,69.92,90.93,78.49,63.72
2019-05-13,70.26,91.44,78.92,64.04
2019-05-14,70.42,91.21,79.15,64.25
2019-05-15,70.21,90.63,78.69,64.01
2019-05-16,70.25,90.19,78.72,64.18
2019-05-17,70.17,89.73,78.43,64.03
2019-05-20,69.55,88.54,77.57,63.14
2019-05-21,69.73,88.62,77.72,63.28
2019-05-22,69.77,88.59,77.81,63.17
2019-05-23,69.67,87.92,77.65,63.19
2019-05-24,69.61,88.3,77.97,63.55
2019-05-27,69.43,88.48,77.82,63.38
2019-05-28,69.61,88.28,77.86,63.59
2019-05-29,69.88,88.47,78.01,63.97
2019-05-30,69.79,88.17,77.71,63.59
2019-05-31,69.81,88.01,77.73,64.08
2019-06-03,69.43,87.71,77.56,64.13
2019-06-04,69.29,87.83,78,64.21
2019-06-06,69.32,87.87,77.82,64.12
2019-06-07,69.3,88.02,78.07,63.92
2019-06-10,69.46,88.27,78.55,63.94
2019-06-11,69.42,88.04,78.58,63.9
2019-06-12,69.4,88.33,78.7,64.07
2019-06-13,69.36,88.02,78.37,64.03
2019-06-14,69.56,88.2,78.43,64.23
2019-06-17,69.84,87.89,78.27,64.31
2019-06-18,69.8,87.46,78.42,64.47
2019-06-19,69.67,87.49,77.99,64.34
2019-06-21,69.63,88.37,78.59,64.9
2019-06-24,69.48,88.68,79.11,64.68
2019-06-25,69.34,88.42,79.05,64.81
2019-06-26,69.32,87.84,78.75,64.55
2019-06-27,69.22,87.74,78.59,64.01
2019-06-28,68.92,87.35,78.36,63.97
2019-07-01,68.97,87.47,78.13,63.64
2019-07-02,68.99,87.23,77.92,63.66
2019-07-03,68.88,86.61,77.73,64
2019-07-04,68.85,86.57,77.69,63.86
2019-07-05,68.75,86.5,77.52,63.7
2019-07-08,68.7,86.06,77.11,63.42
2019-07-09,68.73,85.88,77.05,63.18
2019-07-10,68.53,85.3,76.79,62.93
2019-07-11,68.37,85.65,77.04,63.32
2019-07-12,68.59,86.01,77.29,63.3
2019-07-15,68.58,86.2,77.31,63.49
2019-07-16,68.57,85.77,77.18,63.45
2019-07-18,68.88,85.72,77.44,63.99
2019-07-19,68.82,86.22,77.52,63.93
2019-07-22,69.02,86.3,77.42,63.94
2019-07-23,68.99,85.93,77.21,63.8
2019-07-24,69.01,85.89,76.96,63.83
2019-07-25,68.99,86.07,76.82,63.81
2019-07-26,69.06,85.85,76.94,63.58
2019-07-29,68.9,85.22,76.66,63.42
2019-07-30,68.75,83.54,76.58,63.31
2019-07-31,68.86,83.74,76.84,63.43
2019-08-01,69.06,83.75,76.31,63.24
2019-08-02,69.4,84.09,76.94,64.82
2019-08-05,70.36,85.26,78.27,66.42
2019-08-06,70.72,85.99,79.25,66.41
2019-08-07,70.96,86.23,79.5,66.8
2019-08-08,70.85,86.15,79.39,66.76
2019-08-09,70.52,85.61,78.91,66.58
2019-08-13,71.24,85.89,79.76,67.66
2019-08-14,71.1,85.74,79.46,66.82
2019-08-16,71.29,86.33,79.15,67.17
2019-08-19,71.34,86.8,79.14,67.05
2019-08-20,71.65,86.78,79.37,67.27
2019-08-21,71.55,86.89,79.39,67.2
2019-08-22,71.55,86.89,79.39,67.2
2019-08-23,71.7,86.91,79.43,67.44
2019-08-26,72.18,88.6,80.47,68.61
2019-08-27,71.82,87.75,79.74,67.97
2019-08-28,71.7,88.02,79.5,67.77
2019-08-29,72,87.94,79.79,67.98
2019-08-30,71.76,87.43,79.24,67.49
2019-09-03,72.19,86.72,79,67.92
2019-09-04,72.07,87.28,79.11,67.89
2019-09-05,71.86,87.89,79.21,67.47
2019-09-06,71.73,88.51,79.21,67.04
2019-09-09,71.59,87.83,78.94,66.98
2019-09-11,71.66,88.56,79.16,66.47
2019-09-12,71.32,87.91,78.51,66.02
2019-09-13,70.94,87.65,78.56,65.64
2019-09-16,71.54,89.14,79.19,66.34
2019-09-17,71.82,89.12,78.96,66.36
2019-09-18,71.31,89.06,78.91,65.9
2019-09-19,71.14,88.68,78.57,65.89
2019-09-20,70.94,89.21,78.44,65.76
2019-09-23,70.92,88.48,78.18,65.83
2019-09-24,70.85,88.12,77.86,65.88
2019-09-25,71.04,88.55,78.14,66.18
2019-09-26,70.9,87.68,77.66,65.87
2019-09-27,70.84,87.33,77.32,65.71
2019-09-30,70.69,86.93,77.33,65.55
2019-10-01,70.91,87.06,77.18,65.49
2019-10-03,71.12,87.42,77.89,66.39
2019-10-04,70.87,87.52,77.78,66.36
2019-10-07,70.98,87.42,77.93,66.41
2019-10-09,71.11,86.79,77.93,66.35
2019-10-10,71.05,86.86,78.05,66.1
2019-10-11,71.03,88.43,78.24,65.78
2019-10-14,71.02,89.29,78.29,65.61
2019-10-15,71.32,90.41,78.74,65.82
2019-10-16,71.51,91.35,79.02,65.77
2019-10-17,71.41,91.11,79.06,65.66
2019-10-18,71.2,91.52,79.19,65.58
2019-10-22,70.87,91.96,79.06,65.26
2019-10-23,70.94,91.33,78.92,65.44
2019-10-24,70.93,91.63,78.98,65.3
2019-10-25,70.96,91.19,78.81,65.3
2019-10-29,70.73,90.91,78.44,64.9
2019-10-30,70.99,91.36,78.89,65.23
2019-10-31,70.81,91.5,79.03,65.15
2019-11-01,70.88,91.85,79.12,65.65
2019-11-04,70.68,91.42,78.93,65.3
2019-11-05,70.73,91.11,78.7,65.01
2019-11-06,70.89,91.32,78.51,65
2019-11-07,71.01,91.24,78.55,65.3
2019-11-08,71.25,91.27,78.73,65.21
2019-11-11,71.45,91.42,78.75,65.57
2019-11-13,71.7,92.17,78.97,65.74
2019-11-14,72.05,92.43,79.24,66.28
2019-11-15,71.71,92.37,79.04,66.04
2019-11-18,71.71,92.7,79.32,65.89
2019-11-19,71.81,93.09,79.56,66.12
2019-11-20,71.68,92.53,79.36,66.05
2019-11-21,71.8,92.81,79.52,66.12
2019-11-22,71.85,92.83,79.52,66.14
2019-11-25,71.65,92.06,79,65.81
2019-11-26,71.59,92.32,78.85,65.7
2019-11-27,71.36,91.67,78.56,65.37
2019-11-28,71.51,92.59,78.73,65.33
2019-11-29,71.73,92.66,78.98,65.51
2019-12-02,71.72,92.65,79.02,65.41
2019-12-03,71.6,92.66,79.29,65.59
2019-12-04,71.78,93.27,79.5,66.11
2019-12-05,71.55,93.81,79.29,65.76
2019-12-06,71.32,93.88,79.19,65.61
2019-12-09,71.16,93.75,78.72,65.54
2019-12-10,70.9,93.27,78.46,65.27
2019-12-11,70.87,93.1,78.58,65.17
2019-12-12,70.75,93.47,78.81,65.15
2019-12-13,70.72,95.28,78.97,64.53
2019-12-16,70.94,94.96,79.01,64.85
2019-12-17,70.97,94.22,79.1,64.78
2019-12-18,71.06,93.13,79.14,64.93
2019-12-19,71.08,93,79.1,64.86
2019-12-20,71.16,92.62,79.11,65.09
2019-12-23,71.17,92.66,78.88,65.04
2019-12-24,71.2,92.15,78.95,65.07
2019-12-26,71.27,92.55,79.03,65.05
2019-12-27,71.22,92.55,79.19,65.04
2019-12-30,71.34,93.55,79.88,65.37
2019-12-31,71.34,93.55,79.88,65.37
2020-01-01,71.37,94.64,80.03,65.69
2020-01-02,71.34,94.25,79.94,65.61
2020-01-03,71.69,93.99,80.05,66.32
2020-01-06,72.09,94.29,80.45,66.74
2020-01-07,71.78,94.43,80.28,66.22
2020-01-08,72.02,94.58,80.32,66.45
2020-01-09,71.42,93.65,79.37,65.36
2020-01-10,71.11,93.06,79,64.9
2020-01-13,70.81,92.26,78.8,64.59
2020-01-14,70.92,92.14,78.99,64.43
2020-01-15,70.88,92.38,78.91,64.47
2020-01-16,70.91,92.45,79.05,64.49
2020-01-17,71.04,92.95,79.14,64.45
2020-01-20,71.06,92.33,78.88,64.49
2020-01-21,71.18,92.62,78.99,64.74
2020-01-22,71.21,93.01,78.91,64.71
2020-01-23,71.24,93.48,78.96,65.05
2020-01-24,71.24,93.51,78.69,65.04
2020-01-27,71.39,93.25,78.73,65.46
2020-01-28,71.33,93.09,78.62,65.41
2020-01-29,71.19,92.72,78.42,65.24
2020-01-30,71.48,93.02,78.71,65.62
2020-01-31,71.51,93.66,78.82,65.58
2020-02-03,71.58,94.2,79.33,65.96
2020-02-04,71.14,92.6,78.69,65.36
2020-02-05,71.27,92.77,78.65,65.12
2020-02-06,71.26,92.52,78.38,64.82
2020-02-07,71.25,92.22,78.23,64.79
2020-02-10,71.3,92.02,78.11,64.93
2020-02-11,71.23,92,77.71,64.8
2020-02-12,71.26,92.32,77.74,64.86
2020-02-13,71.47,92.56,77.7,65.09
2020-02-14,71.39,93.13,77.35,65.03
2020-02-17,71.43,93.17,77.42,65.02
2020-02-18,71.4,92.82,77.36,65.04
2020-02-20,71.59,92.4,77.25,64.21
2020-02-24,71.85,92.95,77.73,64.4
2020-02-25,71.86,92.98,78.01,64.82
2020-02-26,71.73,93.16,77.98,64.97
2020-02-27,71.61,92.63,78.17,65.06
2020-02-28,72.19,93.01,79.44,66.3
2020-03-02,72.24,92.74,79.76,66.73
2020-03-03,72.87,93.15,81.24,67.62
2020-03-04,73.56,94.22,81.99,68.44
2020-03-05,73.28,94.37,81.61,68.27
2020-03-06,73.66,95.44,82.69,69.56
2020-03-09,73.95,96.67,84.33,72.06
2020-03-11,73.81,95.47,83.8,70.64
2020-03-12,74.17,94.99,83.76,71.56
2020-03-13,74.07,93,82.96,70.21
2020-03-16,74.27,91.68,82.7,69.82
2020-03-18,74.17,89.76,81.72,69.39
2020-03-19,75.06,86.62,82.03,69.06
2020-03-20,75.01,87.42,80.65,68.19
2020-03-23,75.88,88.76,81.54,69.04
2020-03-24,76.15,88.5,82.11,68.98
2020-03-26,75.24,89.02,82.05,67.98
2020-03-27,74.84,91.56,82.64,68.89
2020-03-30,75.35,93.37,83.46,69.84
2020-03-31,75.39,93.08,83.05,69.65
2020-04-03,75.83,93.88,82.22,70.27
2020-04-07,75.84,93.17,82.13,69.68
2020-04-08,76.09,93.57,82.47,69.88
2020-04-09,76.46,94.54,82.92,70.18
2020-04-13,76.36,95.37,83.57,70.8
2020-04-15,76.27,95.98,83.6,71.23
2020-04-16,76.74,95.99,83.65,71.22
2020-04-17,76.54,95.47,83.05,71.04
2020-04-20,76.63,95.49,83.17,71.05
2020-04-21,76.65,95.14,83.09,71.31
2020-04-22,76.81,94.51,83.38,71.41
2020-04-23,76.06,93.99,82.31,70.55
2020-04-24,76.42,94.22,82.21,71
2020-04-27,76.13,94.73,82.62,71.03
2020-04-28,76.37,94.78,82.59,71.23
2020-04-29,75.7,94.36,82.12,71.04
2020-04-30,75.12,93.59,81.62,70.48
2020-05-04,75.79,94.21,82.84,70.99
2020-05-05,75.57,94.22,82.46,70.84
2020-05-06,75.69,94.1,81.98,71.16
2020-05-08,75.44,93.5,81.8,70.93
2020-05-11,75.68,93.99,82.05,70.78
2020-05-12,75.79,93.4,81.96,70.52
2020-05-13,75.39,92.62,81.82,70.37
2020-05-14,75.44,91.99,81.5,70.64
2020-05-15,75.56,92.26,81.65,70.48
2020-05-18,75.93,91.95,82.19,70.84
2020-05-19,75.66,92.59,82.68,70.44
2020-05-20,75.67,92.64,82.81,70.21
2020-05-21,75.78,92.38,83.04,70.34
2020-05-22,75.79,92.49,82.82,70.55
2020-05-26,75.64,92.6,82.64,70.11
2020-05-27,75.65,93.22,82.92,70.34
2020-05-28,75.75,92.94,83.48,70.25
2020-05-29,75.64,93.31,83.91,70.56
2020-06-01,75.48,93.53,84.09,70.16
2020-06-02,75.59,94.64,84.11,70.16
2020-06-03,75.33,94.87,84.44,69.3
2020-06-04,75.53,94.66,84.64,69.22
2020-06-05,75.47,95.47,85.84,69.03
2020-06-08,75.63,96.03,85.35,69.05
2020-06-09,75.49,95.97,85.15,69.92
2020-06-10,75.47,96.3,85.7,70.26
2020-06-11,75.79,96.1,86.05,70.77
2020-06-12,75.97,95.56,85.87,70.89
2020-06-15,76.11,94.84,85.52,70.96
2020-06-16,75.84,96.04,85.96,70.54
2020-06-17,76.2,95.83,85.98,71.03
2020-06-18,76.15,95.58,85.69,71.21
2020-06-19,76.21,94.79,85.42,71.27
2020-06-22,76.06,94.21,85.19,71.13
2020-06-23,75.75,94.34,85.33,70.67
2020-06-24,75.71,94.72,85.7,71.03
2020-06-25,75.63,93.92,85.07,70.57
2020-06-26,75.48,93.71,84.63,70.47
2020-06-29,75.57,93.58,85.12,70.57
2020-06-30,75.53,92.69,84.67,70.15
2020-07-01,75.58,93.58,84.89,70.19
2020-07-02,75.49,94.36,85.07,70.24
2020-07-03,74.78,93.27,84.05,69.56
2020-07-06,74.68,93.35,84.32,69.35
2020-07-07,74.86,93.49,84.61,69.6
2020-07-08,75.03,94.12,84.54,69.75
2020-07-09,75,94.78,85.19,69.95
2020-07-10,75.29,94.77,84.8,70.46
2020-07-13,75.16,95.12,85.12,70.3
2020-07-14,75.39,94.55,85.54,70.25
2020-07-15,75.31,94.84,85.92,70.24
2020-07-16,75.24,94.46,85.8,70.37
2020-07-17,75.1,94.25,85.5,70.06
2020-07-20,74.97,94.06,85.94,69.9
2020-07-21,74.77,94.87,85.57,69.67
2020-07-22,74.68,94.97,86.06,69.9
2020-07-23,74.75,95.29,86.65,69.79
2020-07-24,74.87,95.42,86.95,70.4
2020-07-27,74.76,95.89,87.53,70.79
2020-07-28,74.75,96.16,87.72,70.83
2020-07-29,74.77,96.67,87.78,71.22
2020-07-30,74.84,96.93,87.96,71.12
2020-07-31,74.77,98.17,88.87,71.64
2020-08-03,74.98,97.98,88.13,70.78
2020-08-04,75.09,98.12,88.37,70.77
2020-08-05,74.91,98,88.53,70.91
2020-08-06,74.86,98.54,89.07,71
2020-08-07,74.96,98.39,88.78,71.01
2020-08-10,74.88,97.84,88.33,70.79
2020-08-11,74.84,97.78,87.81,70.49
2020-08-12,74.83,97.62,87.78,70.11
2020-08-13,74.84,97.85,88.55,70.17
2020-08-14,74.77,97.73,88.39,69.99
2020-08-17,74.85,98.08,88.79,70.26
2020-08-18,74.82,98.44,88.99,70.92
2020-08-19,74.76,99.14,89.28,70.86
2020-08-20,75.01,98.13,88.82,70.7
2020-08-21,74.88,99.12,88.86,70.9
2020-08-24,74.83,98.06,88.29,70.7
2020-08-25,74.4,97.46,87.85,70.16
2020-08-26,74.35,97.76,87.88,69.62
2020-08-27,74.33,98.15,87.91,70.09
2020-08-28,73.35,97.28,87.07,69.03
2020-08-31,73.6,98.13,87.57,69.67
2020-09-01,72.82,97.69,87.31,68.92
2020-09-02,73.01,97.6,86.89,68.85
2020-09-03,73.36,97.47,86.55,69.01
2020-09-04,73.34,97.35,86.85,69.07
2020-09-07,73.28,96.84,86.7,68.95
2020-09-08,73.28,96.84,86.7,68.95
2020-09-09,73.67,95.49,86.75,69.56
2020-09-10,73.35,95.51,86.78,69.14
2020-09-11,73.47,94.17,86.97,69.19
2020-09-14,73.38,94.08,86.93,69.2
2020-09-15,73.42,94.44,87.32,69.49
2020-09-16,73.75,95.08,87.37,70
2020-09-17,73.7,95.45,86.76,70.29
2020-09-18,73.3,95.06,86.88,69.93
2020-09-21,73.32,95.03,86.96,70.29
2020-09-22,73.5,93.98,86.3,70.25
2020-09-23,73.63,93.43,85.99,70.04
2020-09-24,73.92,93.87,86.14,70.2
2020-09-25,73.73,94.06,86.04,70
2020-09-28,73.57,93.95,85.58,69.83
2020-09-29,73.85,94.97,86.17,69.92
2020-09-30,73.8,94.73,86.57,69.91
2020-10-01,73.38,94.99,86.22,69.55
2020-10-05,73.26,94.69,85.9,69.38
2020-10-06,73.37,95.28,86.44,69.43
2020-10-07,73.36,94.63,86.16,69.38
2020-10-08,73.29,94.88,86.33,69.15
2020-10-09,73.21,94.8,86.21,69.11
2020-10-12,73.14,95.45,86.44,69.34
2020-10-13,73.38,95.76,86.54,69.65
2020-10-14,73.46,94.81,86.27,69.65
2020-10-15,73.27,95.26,86.09,69.58
2020-10-16,73.38,94.56,85.84,69.7
2020-10-19,73.42,94.98,85.97,69.64
2020-10-20,73.33,94.95,86.34,69.5
2020-10-21,73.45,95.38,87.06,69.77
2020-10-22,73.66,96.83,87.31,70.39
2020-10-23,73.58,96.06,86.78,70.26
2020-10-26,73.73,96.02,87.25,70.3
2020-10-27,73.75,96.17,87.26,70.44
2020-10-28,73.77,96.3,86.92,70.77
2020-10-29,73.97,96.33,86.97,70.87
2020-11-02,74.32,95.86,86.49,70.96
2020-11-03,74.33,96.09,86.66,70.98
2020-11-04,74.69,97.04,87.05,71.18
2020-11-05,74.27,96.26,87.18,71.19
2020-11-06,74.05,97.2,87.52,71.52
2020-11-09,73.93,97.4,87.88,71.41
2020-11-10,74.21,97.82,87.78,70.67
2020-11-11,74.25,98.43,87.77,70.5
2020-11-12,74.45,98.28,87.62,70.76
2020-11-13,74.67,98,88.15,71.16
2020-11-17,74.51,98.46,88.33,71.29
2020-11-18,74.36,98.61,88.28,71.49
2020-11-19,74.26,98.27,87.98,71.53
2020-11-20,74.16,98.5,88.15,71.47
2020-11-23,74.14,98.81,88.06,71.46
2020-11-24,73.98,98.7,87.69,70.86
2020-11-25,73.98,98.69,87.99,70.77
2020-11-26,73.83,98.86,88.08,70.75
2020-11-27,73.8,98.71,88.02,70.97
2020-12-01,73.51,98.24,87.9,70.44
2020-12-02,73.65,98.83,89.94,70.52
2020-12-03,73.89,98.93,89.55,70.74
2020-12-04,73.74,99.26,89.64,70.99
2020-12-07,73.77,98.93,89.47,70.84
2020-12-08,73.76,98.57,89.4,70.89
2020-12-09,73.59,98.55,89.37,70.65
2020-12-10,73.67,98.4,89.08,70.53
2020-12-11,73.59,98,89.47,70.73
2020-12-14,73.54,98.01,89.3,70.7
2020-12-15,73.65,98.24,89.5,70.76
2020-12-16,73.52,98.92,89.41,70.98
2020-12-17,73.43,99.54,89.79,71.07
2020-12-18,73.51,99.5,90.03,71.1
2020-12-21,73.65,98.35,89.75,71.19
2020-12-22,73.89,99.07,90.31,71.45
2020-12-23,73.81,98.99,89.93,71.34
2020-12-24,73.58,99.75,89.81,71.05
2020-12-28,73.59,99.84,89.95,71.12
2020-12-29,73.37,98.92,89.79,70.75
2021-01-01,73.03,99.8,89.23,70.7
2021-01-04,73.01,99.86,89.42,70.87
2021-01-05,73.11,99.41,89.7,71.03
2021-01-06,73.14,99.65,90,71.19
2021-01-07,73.13,99.34,90.05,70.84
2021-01-08,73.33,99.52,89.94,70.6
2021-01-11,73.45,99.18,89.49,70.52
2021-01-12,73.37,99.37,89.17,70.4
2021-01-13,73.15,100.06,89.35,70.55
2021-01-15,73.02,99.83,88.64,70.37
2021-01-18,73.22,99.35,88.41,70.57
2021-01-19,73.02,99.83,88.64,70.37
2021-01-20,73.13,99.89,88.8,70.48
2021-01-22,73.04,100.06,88.86,70.49
2021-01-25,72.93,100.03,88.82,70.32
2021-01-27,72.82,100.05,88.56,70.23
2021-01-28,73.07,99.89,88.38,70.07
2021-01-29,72.95,100.02,88.3,69.82
2021-02-01,73.02,100.36,88.58,69.75
2021-02-02,72.98,99.86,88.11,69.53
2021-02-03,72.94,99.57,87.82,69.44
2021-02-04,72.92,99.17,87.59,69.33
2021-02-05,72.9,99.73,87.2,69.07
2021-02-08,72.86,100.04,87.72,69.05
2021-02-09,72.89,100.44,88.03,69.51
2021-02-10,72.85,100.68,88.33,69.66
2021-02-11,72.78,100.77,88.27,69.59
2021-02-12,72.8,100.45,88.29,69.44
2021-02-15,72.59,100.88,88.12,69.07
2021-02-16,72.72,101.33,88.26,68.91
2021-02-17,72.84,101.15,88.06,68.77
2021-02-18,72.73,100.71,87.61,68.68
2021-02-22,72.37,101.43,87.72,68.5
2021-02-23,72.37,101.8,88.05,68.86
2021-02-24,72.29,102.38,87.83,69.38
2021-02-26,73.04,101.9,88.8,68.78
2021-03-01,73.29,102.49,88.59,68.78
2021-03-02,73.35,101.9,88.2,68.66
2021-03-03,73.07,101.87,88.28,68.37
2021-03-04,72.71,101.48,87.69,67.88
2021-03-05,72.76,101.01,86.99,67.27
2021-03-08,73,100.92,86.92,67.33
2021-03-09,73.12,101.23,86.73,66.99
2021-03-10,72.97,101.06,86.62,67.02
2021-03-12,72.68,101.47,86.88,66.77
2021-03-15,72.71,101.13,86.76,66.53
2021-03-16,72.48,100.52,86.48,66.4
2021-03-17,72.57,100.87,86.41,66.52
2021-03-18,72.52,101.27,86.82,66.61
2021-03-19,72.52,100.94,86.45,66.64
2021-03-22,72.38,100.26,86.05,66.56
2021-03-23,72.29,100.01,86.22,66.48
2021-03-24,72.66,99.62,86.02,66.96
2021-03-25,72.61,99.37,85.82,66.63
2021-03-26,72.4,99.62,85.31,66.26
2021-03-30,73.04,100.56,85.85,66.34
2021-03-31,73.5,100.95,86.1,66.36
2021-04-05,73.43,101.53,86.3,66.36
2021-04-07,74.12,102.19,88.01,67.49
2021-04-08,74.37,102.33,88.28,67.79
2021-04-12,74.85,102.61,89,68.34
2021-04-15,75.17,103.59,90.03,69.02
2021-04-16,74.56,102.44,89.19,68.49
2021-04-19,74.88,103.76,89.61,69.01
2021-04-20,74.73,104.58,90.15,68.95
2021-04-22,74.94,104.47,90.25,69.43
2021-04-23,74.91,103.81,90.09,69.4
2021-04-26,74.77,103.95,90.51,69.34
2021-04-27,74.6,103.58,90.03,68.92
2021-04-28,74.4,103.26,89.78,68.28
2021-04-29,74.06,103.35,89.83,68.13
2021-05-06,73.94,102.79,88.78,67.63
2021-05-07,73.74,102.51,88.9,67.55
2021-05-10,73.41,103.25,89.25,67.41
2021-05-11,73.45,103.68,89.15,67.44
2021-05-12,73.44,103.8,89.12,67.51
2021-05-14,73.37,103.05,88.76,67.01
2021-05-17,73.24,103.27,88.89,67.06
2021-05-18,73.04,103.57,88.98,66.95
2021-05-19,72.97,103.5,89.32,66.95
2021-05-20,73.12,103.28,89.13,67.01
2021-05-21,73.02,103.61,89.31,67.14
2021-05-24,72.9,103.2,88.86,67.03
2021-05-25,72.8,103.31,89.07,66.97
2021-05-28,72.48,102.77,88.23,65.96
2021-05-31,72.52,102.87,88.42,66.08
2021-06-01,72.77,103.49,88.96,66.48
2021-06-02,73.21,103.63,89.42,66.72
2021-06-03,73.12,103.47,89.14,66.59
2021-06-04,73.03,102.96,88.45,66.25
2021-06-07,72.81,102.79,88.51,66.49
2021-06-08,72.84,103.13,88.72,66.55
2021-06-09,72.98,103.39,88.91,66.69
2021-06-10,72.99,103.01,88.84,66.67
2021-06-11,72.98,103.51,88.98,66.7
2021-06-14,73.19,103.23,88.55,66.7
2021-06-15,73.28,103.42,88.92,66.58
2021-06-16,73.37,103.38,88.98,66.63
2021-06-17,73.73,103.12,88.36,66.6
2021-06-18,74.14,103.01,88.26,67.35
2021-06-21,74.15,102.45,88.08,67.45
2021-06-22,74.13,103.07,88.23,67.13
2021-06-23,74.37,103.72,88.7,67.1
2021-06-24,74.24,103.64,88.58,66.97
2021-06-25,74.18,103.3,88.57,66.92
2021-06-28,74.2,103.12,88.5,67.03
2021-06-29,74.22,102.91,88.45,67.1
2021-06-30,74.35,102.95,88.5,67.28
2021-07-07,74.74,103.23,88.4,67.52
2021-07-08,74.7,102.88,88.12,67.77
2021-07-09,74.64,102.75,88.29,67.79
2021-07-12,74.47,103.39,88.31,67.57
2021-07-13,74.49,103.41,88.35,67.49
2021-07-14,74.57,103.23,87.95,67.51
2021-07-15,74.52,103.3,88.22,67.84
2021-07-16,74.62,103.14,88.11,67.84
2021-07-19,74.79,102.84,88.27,68.02
2021-07-20,74.86,102.23,88.2,68.36
2021-07-22,74.37,102.11,87.72,67.51
2021-07-23,74.43,102.38,87.61,67.49
2021-07-26,74.46,102.34,87.7,67.51
2021-07-27,74.42,102.79,87.78,67.53
2021-07-28,74.44,103.3,87.97,67.77
2021-07-29,74.28,103.51,88.08,67.66
2021-07-30,74.39,103.73,88.39,67.89
2021-08-02,74.4,103.45,88.32,67.85
2021-08-03,74.3,103.21,88.22,68.08
2021-08-04,74.15,103.28,88.02,67.95
2021-08-05,74.26,103.09,87.88,67.69
2021-08-06,74.19,103.28,87.73,67.55
2021-08-09,74.23,103,87.32,67.39
2021-08-10,74.39,102.99,87.32,67.39
2021-08-11,74.43,102.91,87.17,67.22
2021-08-12,74.28,103.01,87.2,67.28
2021-08-13,74.3,102.57,87.19,67.3
2021-08-17,74.29,102.62,87.4,67.95
2021-08-18,74.3,102.12,87.08,67.8
2021-08-20,74.43,101.36,86.94,67.87
2021-08-23,74.28,101.45,87.01,67.55
2021-08-24,74.14,101.88,87.07,67.51
2021-08-25,74.3,101.93,87.24,67.73
2021-08-26,74.26,102.06,87.35,67.49
2021-08-27,74.13,101.57,87.2,67.4
2021-08-30,73.5,101.21,86.73,66.96
2021-08-31,73.15,100.95,86.53,66.6
2021-09-01,72.96,100.34,86.07,66.18
2021-09-02,72.98,100.58,86.42,66.36
2021-09-03,73.07,101.09,86.79,66.4
2021-09-06,73.06,101.18,86.74,66.54
2021-09-07,73.28,101.34,86.99,66.69
2021-09-08,73.65,101.38,87.15,66.69
2021-09-09,73.69,101.49,87.13,66.94
2021-09-13,73.64,101.77,86.8,66.89
2021-09-14,73.62,101.98,86.99,66.9
2021-09-15,73.67,101.81,86.97,67.25
2021-09-16,73.43,101.52,86.68,67.18
2021-09-17,73.49,101.38,86.52,66.89
2021-09-20,73.65,100.92,86.28,67.04
2021-09-21,73.59,100.67,86.37,67.16
2021-09-22,73.8,100.76,86.53,67.36
2021-09-23,73.73,100.66,86.38,67.11
2021-09-24,73.69,101.12,86.47,66.66
2021-09-27,73.66,100.65,86.31,66.55
2021-09-28,73.77,101.13,86.28,66.33
2021-09-29,74.15,100.46,86.63,66.52
2021-09-30,74.26,99.86,86.14,66.35
2021-10-01,73.64,101.12,86.47,66.66
2021-10-04,74.24,100.56,86.12,66.89
2021-10-05,74.53,101.31,86.43,67.03
2021-10-06,74.63,101.55,86.43,66.78
2021-10-07,74.86,101.69,86.5,67.16
2021-10-08,74.99,102,86.6,67.01
2021-10-10,74.99,102,86.6,67.01
2021-10-11,75.13,102.71,87.04,66.67
2021-10-12,75.34,102.49,87.15,66.59
2021-10-13,75.46,102.71,87.15,66.49
2021-10-14,75.3,103.02,87.32,66.33
2021-10-18,75.34,103.43,87.2,65.93
2021-10-20,75.05,103.46,87.36,65.55
2021-10-21,74.76,103.3,87.14,65.55
2021-10-22,74.78,103.16,87.01,65.63
2021-10-25,75.02,103.3,87.42,66.02
2021-10-26,75.12,103.44,87.18,65.93
2021-10-27,74.95,103.16,86.93,65.72
2021-10-28,74.82,102.84,86.83,65.9
2021-10-29,74.79,103.11,87.26,65.86
2021-11-01,74.93,102.48,86.6,65.59
2021-11-02,74.76,102.02,86.75,65.76
2021-11-03,74.57,101.65,86.37,65.49
2021-11-08,74.11,99.97,85.71,65.23
2021-11-09,73.92,100.35,85.78,65.52
2021-11-10,74.17,100.51,85.87,65.69
2021-11-11,74.47,99.99,85.51,65.37
2021-11-12,74.47,99.56,85.22,65.18
2021-11-15,74.35,99.87,85.19,65.3
2021-11-16,74.45,99.94,84.7,65.2
2021-11-17,74.38,99.97,84.08,64.76
2021-11-18,74.16,100.05,83.92,64.91
2021-11-22,74.38,99.98,83.86,65.16
2021-11-23,74.5,99.73,83.71,64.73
2021-11-24,74.41,99.55,83.65,64.71
2021-11-25,74.51,99.46,83.56,64.57
2021-11-26,74.71,99.36,83.85,65.2
2021-11-29,75.09,100.14,84.71,66.4
2021-11-30,75.09,99.99,84.94,66.34
2021-12-01,74.92,99.86,84.92,65.96
2021-12-02,75,99.66,84.92,66.33
2021-12-03,74.99,99.67,84.69,66.21
2021-12-06,75.3,99.6,84.96,66.6
2021-12-07,75.35,100.12,85.1,66.26
2021-12-08,75.47,100,85.21,66.48
2021-12-09,75.5,99.77,85.56,66.43
2021-12-10,75.72,100.12,85.55,66.68
2021-12-13,75.71,100.18,85.46,66.67
2021-12-14,75.9,100.29,85.63,66.8
2021-12-15,76.04,100.69,85.71,66.87
2021-12-16,76.25,101.02,86.07,66.77
2021-12-17,76.17,101.55,86.39,67.07
2021-12-20,75.99,100.47,85.52,66.97
2021-12-21,75.59,99.9,85.25,66.45
2021-12-22,75.59,100.18,85.21,66.23
2021-12-23,75.35,100.6,85.42,65.98
2021-12-24,75.15,100.66,85.13,65.69
2021-12-27,75.11,100.63,84.98,65.62
2021-12-28,74.85,100.55,84.78,65.16
2021-12-29,74.74,100.33,84.48,65.04
2021-12-30,74.58,100.53,84.43,64.77
2021-12-31,74.3,100.3,84.05,64.54
2022-01-03,74.31,100.36,84.3,64.43
2022-01-04,74.57,100.39,84.24,64.41
2022-01-05,74.48,100.77,84.12,64.2
2022-01-06,74.44,100.68,84.15,64.25
2022-01-07,74.29,100.61,83.97,64.08
2022-01-10,74.16,100.72,84.02,64.04
2022-01-11,73.93,100.48,83.85,64.16
2022-01-12,74,100.96,84.16,64.16
2022-01-13,73.93,101.35,84.6,64.5
2022-01-14,74.12,101.79,85.07,65.17
2022-01-17,74.31,101.61,84.82,64.9
2022-01-18,74.41,101.47,84.79,64.79
2022-01-19,74.6,101.51,84.53,65.28
2022-01-20,74.36,101.34,84.41,64.97
2022-01-21,74.53,101.3,84.43,65.48
2022-01-24,74.58,100.99,84.41,65.52
2022-01-25,74.7,100.7,84.48,65.6
2022-01-27,75.17,100.93,84.34,65.54
2022-01-28,74.95,100.52,83.6,64.95
2022-01-31,74.97,100.63,83.7,64.92
2022-02-01,74.53,100.25,83.77,64.81
2022-02-02,74.83,101.19,84.36,65.22
2022-02-03,74.86,101.46,84.56,65.35
2022-02-04,74.72,101.55,85.61,64.99
2022-02-08,74.69,100.99,85.28,64.66
2022-02-09,74.82,101.43,85.45,64.76
2022-02-10,74.94,101.41,85.6,64.78
2022-02-11,75.35,101.9,85.74,64.91
2022-02-14,75.55,102.31,85.73,65.47
2022-02-15,75.66,102.38,85.62,65.6
2022-02-16,75.08,101.76,85.28,64.92
2022-02-17,75.09,101.95,85.26,65.17
2022-02-18,74.92,101.97,85.16,65.04
2022-02-21,74.48,101.45,84.66,64.78
2022-02-22,74.88,101.79,84.63,65.26
2022-02-23,74.62,101.45,84.53,64.86
2022-02-24,75.26,101.63,84.64,65.69
2022-02-25,75.28,101.03,84.38,65.32
2022-02-28,75.49,100.92,84.26,65.34
2022-03-02,75.72,100.69,84.1,65.76
2022-03-03,75.71,101.49,84.03,65.45
2022-03-04,76.12,101.57,83.95,65.91
2022-03-07,76.92,101.66,83.71,66.93
2022-03-08,76.88,100.78,83.48,66.58
2022-03-09,76.86,100.81,83.91,66.39
2022-03-10,76.12,100.32,84.18,65.59
2022-03-11,76.44,100.07,84.09,65.51
2022-03-14,76.61,99.76,83.66,65.04
2022-03-15,76.49,99.71,83.98,64.64
2022-03-16,76.35,99.63,83.79,64.54
2022-03-17,75.89,99.83,83.65,63.88
2022-03-21,76.13,100.17,84.08,63.84
2022-03-22,76.38,100.28,83.9,63.45
2022-03-23,76.19,101.18,84.09,62.91
2022-03-24,76.34,100.71,83.83,62.84
2022-03-25,76.18,100.68,84.01,62.54
2022-03-28,76.26,100.27,83.58,61.93
2022-03-29,75.97,99.56,83.61,61.57
2022-03-30,75.77,99.46,84.24,62.24
2022-03-31,75.81,99.55,84.66,62.23
2022-04-04,75.56,99.15,83.42,61.57
2022-04-05,75.39,98.95,82.69,61.51
2022-04-06,75.6,98.74,82.28,61
2022-04-07,75.8,99.22,82.81,61.29
2022-04-08,75.78,98.89,82.31,61.08
2022-04-11,75.96,98.7,82.64,60.58
2022-04-12,76.11,99.01,82.69,60.57
2022-04-13,76.22,99.15,82.58,60.52
2022-04-18,76.37,99.48,82.46,60.31
2022-04-19,76.28,99.14,82.17,59.48
2022-04-20,76.42,99.58,82.62,59.39
2022-04-21,76.21,99.53,82.78,59.48
2022-04-22,76.33,99.3,82.77,59.65
2022-04-25,76.74,97.85,82.27,59.8
2022-04-26,76.56,97.54,82.01,59.88
2022-04-27,76.64,96.48,81.45,59.89
2022-04-28,76.62,96.02,80.6,58.88
2022-04-29,76.42,95.71,80.58,58.66
2022-05-02,76.43,95.95,80.42,58.65
2022-05-04,76.48,95.43,80.46,58.76
2022-05-05,76.09,95.56,80.74,58.83
2022-05-06,76.75,94.79,80.71,58.75
2022-05-09,77.37,95.01,81.31,59.03
2022-05-10,77.35,95.58,81.75,59.32
2022-05-11,77.26,95.34,81.47,59.31
2022-05-12,77.59,94.63,81.45,59.93
2022-05-13,77.35,94.46,80.36,60.09
2022-05-17,77.65,96.04,81.2,60.07
2022-05-18,77.57,96.63,81.66,60.06
2022-05-19,77.7,95.94,81.43,60.45
2022-05-20,77.58,96.83,82.14,60.69
2022-05-23,77.59,97.53,82.28,60.72
2022-05-24,77.64,97.64,82.84,60.8
2022-05-25,77.51,97.27,82.94,61.05
2022-05-26,77.63,97.5,82.83,60.99
2022-05-27,77.66,98.11,83.49,61.21
2022-05-30,77.51,98,83.41,60.97
2022-05-31,77.66,97.87,83.41,60.73
2022-06-01,77.56,97.62,83.08,60.01
2022-06-02,77.59,96.94,82.75,59.71
2022-06-03,77.6,97.58,83.45,59.74
2022-06-06,77.67,97.11,83.28,59.45
2022-06-07,77.72,96.73,82.97,58.48
2022-06-08,77.73,97.7,83.1,58.4
2022-06-09,77.79,97.36,83.34,58.12
2022-06-10,77.84,97.23,82.69,58.14
2022-06-13,78.14,95.82,81.94,58.04
2022-06-14,78,94.99,81.37,57.92
2022-06-15,78.08,93.95,81.81,57.96
2022-06-16,78.09,94.79,81.43,58.14
2022-06-17,78.09,95.89,82.1,58.23
2022-06-20,78,95.44,82.13,57.82
2022-06-21,78.09,95.68,82.13,57.8
2022-06-22,78.21,95.67,82.1,57.34
2022-06-23,78.27,95.85,82.69,57.63
2022-06-24,78.33,96.13,82.56,58.12
2022-06-27,78.29,96.08,82.67,57.95
2022-06-28,78.7,96.58,83.27,58.08
2022-06-29,78.94,96.25,82.84,58.08
2022-06-30,78.94,95.96,82.58,57.96
2022-07-01,79.09,95.96,82.74,58.62
2022-07-04,78.99,95.62,82.4,58.33
2022-07-05,79.08,95.8,82.51,58.08
2022-07-06,79.33,94.69,81.38,58.61
2022-07-07,79.02,94.4,80.68,58.17
2022-07-08,79.25,95.13,80.58,58.4
2022-07-11,79.41,95.04,80.5,57.98
2022-07-12,79.64,94.49,79.83,57.99
2022-07-13,79.66,94.89,79.95,58.12
2022-07-14,79.87,94.61,80.01,57.61
2022-07-15,79.88,94.4,80.01,57.53
2022-07-18,79.9,95.04,80.66,57.8
2022-07-19,79.95,95.74,81.19,57.97
2022-07-20,79.97,96.02,81.84,57.88
2022-07-21,79.98,95.93,81.69,57.84
2022-07-22,79.91,95.59,81.46,57.96
2022-07-25,79.85,95.58,81.45,58.54
2022-07-26,79.79,96.22,81.56,58.37
2022-07-27,79.9,96.26,80.98,58.36
2022-07-28,79.74,97.06,81.54,58.93
2022-07-29,79.42,96.9,81.17,59.73
2022-08-01,79.17,96.42,80.9,59.72
2022-08-02,78.61,96.17,80.59,60.04
2022-08-03,78.84,95.98,80.22,59.17
2022-08-04,79.54,96.6,80.87,59.29
2022-08-05,79.12,96.07,80.91,59.33
2022-08-08,79.58,96.1,81.03,58.8
2022-08-10,79.5,95.97,81.15,58.86
2022-08-11,79.49,97.03,81.85,59.78
2022-08-12,79.7,97.28,82.22,59.8
2022-08-17,79.43,96.18,80.77,59.05
2022-08-18,79.67,95.74,80.97,58.89
2022-08-19,79.75,94.98,80.42,58.51
2022-08-22,79.87,94.43,80.11,58.26
2022-08-23,79.89,93.83,79.25,58.16
2022-08-24,79.79,94.22,79.34,58.36
2022-08-25,79.87,94.61,80,58.44
2022-08-26,79.91,94.34,79.62,58.37
2022-08-29,80.09,93.48,79.61,57.71
2022-08-30,79.72,93.35,79.71,57.54
2022-09-01,79.4,92.01,79.55,56.96
2022-09-02,79.79,92.07,79.53,56.85
2022-09-05,79.89,91.57,79.05,56.9
2022-09-06,79.89,92.46,79.55,56.59
2022-09-07,79.92,91.73,79.07,55.46
2022-09-08,79.67,91.75,79.76,55.49
2022-09-09,79.64,92.35,80.18,55.72
2022-09-12,79.68,92.57,80.37,55.56
2022-09-13,79.06,92.68,80.23,55.62
2022-09-14,79.58,91.4,79.34,55.4
2022-09-15,79.58,91.62,79.27,55.41
2022-09-16,79.82,91.23,79.72,55.6
2022-09-19,79.67,90.83,79.52,55.59
2022-09-20,79.68,91.16,79.95,55.58
2022-09-21,79.92,90.82,79.41,55.61
2022-09-22,80.72,90.64,79.26,55.57
2022-09-23,80.92,90.92,79.51,56.91
2022-09-26,81.58,86.62,78.71,56.71
2022-09-27,81.37,87.93,78.58,56.39
2022-09-28,81.9,87.47,78.34,56.6
2022-09-29,81.86,88.21,79.1,56.59
2022-09-30,81.55,90.77,80.11,56.44
2022-10-03,81.74,91.81,80.24,56.41
2022-10-04,81.43,92.47,80.27,56.22
2022-10-06,81.7,92.52,80.96,56.53
2022-10-07,82.4,91.69,80.55,56.82
2022-10-10,82.4,91.33,80.16,56.7
2022-10-11,82.39,90.83,79.79,56.51
2022-10-12,82.24,90.41,79.97,56.25
2022-10-13,82.4,91.2,79.92,56.11
2022-10-14,82.39,93.33,80.68,55.89
2022-10-17,82.4,93,80.29,55.42
2022-10-18,82.23,93.36,81.02,55.23
2022-10-19,82.37,93.1,81.01,55.16
2022-10-20,83.2,93.36,81.42,55.49
2022-10-21,82.86,92.66,80.93,55.09
2022-10-25,82.76,93.41,81.7,55.58
2022-10-27,82.39,95.62,82.91,56.57
2022-10-28,82.41,95.11,82.14,56.25
2022-10-31,82.39,95.54,81.92,55.74
2022-11-01,82.71,95.44,82.14,55.93
2022-11-02,82.77,95.22,81.79,56.16
2022-11-03,82.88,94.44,81.36,56.16
2022-11-04,82.53,92.59,80.72,55.78
2022-11-07,82.21,93.13,81.76,55.84
2022-11-09,81.48,93.98,81.98,55.89
2022-11-10,81.74,93.18,82.01,55.91
2022-11-11,80.65,94.49,82.47,56.96
2022-11-14,81.23,95.51,83.75,58.27
2022-11-15,81.43,95.89,84.13,58.02
2022-11-16,81.34,96.58,84.41,58.17
2022-11-17,81.63,97.19,84.77,58.53
2022-11-18,81.7,97.23,84.71,58.42
2022-11-21,81.77,96.77,84.08,58.18
2022-11-22,81.77,96.88,83.86,57.66
2022-11-23,81.82,97.26,84.49,57.88
2022-11-24,81.77,98.84,85.31,58.86
2022-11-25,81.53,98.66,84.87,58.79
2022-11-28,81.75,98.69,84.79,59.13
2022-11-29,81.71,98.07,84.82,58.96
2022-11-30,81.6,97.75,84.45,58.95
2022-12-01,81.15,98.17,84.75,59.49
2022-12-02,81.18,99.31,85.46,60.07
2022-12-05,81.59,100.58,86.27,60.62
2022-12-06,82.28,100.2,86.26,59.94
2022-12-07,82.54,100.01,86.28,59.93
2022-12-08,82.28,100.4,86.52,60.17
2022-12-09,82.21,100.82,86.93,60.41
2022-12-12,82.64,101.03,86.89,60.31
2022-12-13,82.72,101.63,87.28,60.13
2022-12-14,82.52,102.03,87.77,60.91
2022-12-15,82.48,102.23,87.9,60.8
2022-12-16,82.82,101.19,88.26,60.35
2022-12-19,82.64,100.65,87.77,60.76
2022-12-20,82.79,100.45,87.75,62.3
2022-12-21,82.77,100.67,87.84,62.65
2022-12-22,82.67,100.25,88.02,62.72
2022-12-23,82.87,99.77,87.9,62.46
2022-12-26,82.74,99.9,87.94,62.39
2022-12-27,82.79,100.1,88.23,62.33
2022-12-28,82.92,99.77,88.3,61.9
2022-12-29,82.83,99.72,88,62
2022-12-30,82.79,99.74,88.15,62.45
2023-01-02,82.63,99.76,88.38,63.11
2023-01-03,82.78,99.91,88.25,63.78
2023-01-04,82.91,99.38,87.65,63.41
2023-01-05,82.7,99.62,87.8,62.49
2023-01-06,82.63,98.47,86.92,61.63
2023-01-09,82.37,100.04,87.95,62.47
2023-01-10,82.21,100.06,88.28,62.35
2023-01-11,81.7,99.44,87.86,61.74
2023-01-12,81.72,99.24,87.96,62.06
2023-01-13,81.43,99.28,88.26,63.1
2023-01-16,81.37,99.73,88.35,63.76
2023-01-17,81.77,99.76,88.56,63.52
2023-01-18,81.65,100.34,88.06,62.38
2023-01-19,81.36,100.41,87.88,63.63
2023-01-20,81.22,100.54,87.99,62.92
2023-01-23,81.28,100.9,88.54,62.49
2023-01-24,81.6,101.1,88.78,62.71
2023-01-25,81.63,100.65,89.01,62.59
2023-01-27,81.54,100.96,88.66,62.77
2023-01-30,81.66,101.19,88.73,63.04
2023-01-31,81.74,100.9,88.6,62.77
2023-02-01,81.85,100.84,88.99,62.84
2023-02-02,81.95,101.53,90.26,63.68
2023-02-03,82.23,100.48,89.6,63.94
2023-02-06,82.45,99.49,89.01,62.58
2023-02-07,82.7,99.67,88.82,62.57
2023-02-08,82.67,99.62,88.76,63.01
2023-02-09,82.61,99.89,88.7,62.91
2023-02-10,82.58,99.96,88.57,62.76
2023-02-13,82.7,99.72,88.31,62.57
2023-02-14,82.72,100.43,88.81,62.67
2023-02-15,82.86,100.59,88.73,62.18
2023-02-16,82.64,99.49,88.45,61.71
2023-02-17,82.81,98.85,88.06,61.45
2023-02-20,82.69,99.57,88.41,61.67
2023-02-21,82.76,99.56,88.32,61.58
2023-02-22,82.84,100.28,88.28,61.43
2023-02-23,82.76,99.85,87.92,61.4
2023-02-24,82.74,99.49,87.7,61.49
2023-02-27,82.91,99.01,87.41,60.84
2023-02-28,82.68,99.6,87.55,60.68
2023-03-01,82.55,99.47,87.5,60.55
2023-03-02,82.56,98.95,87.83,60.4
2023-03-03,82.26,98.52,87.32,60.27
2023-03-06,81.74,98.32,86.97,60.18
2023-03-08,82.09,97.06,86.48,59.61
2023-03-09,81.92,97.11,86.42,59.92
2023-03-10,82.01,97.79,86.84,59.98
2023-03-13,81.91,99.22,87.84,60.94
2023-03-14,82.36,100.18,88.1,61.64
2023-03-15,82.5,100.25,88.55,61.22
2023-03-16,82.68,99.81,87.67,62.22
2023-03-17,82.47,100.25,87.81,62.03
2023-03-20,82.5,100.47,88.01,62.73
2023-03-21,82.68,101.28,88.52,62.89
2023-03-23,82.16,101.27,89.63,62.87
2023-03-24,82.24,100.98,89.06,63.13
2023-03-27,82.36,100.68,88.58,62.76
2023-03-28,82.21,101.25,88.9,62.85
2023-03-29,82.36,101.43,89.17,62.45
2023-03-31,82.22,101.87,89.61,61.8
2023-04-03,82.39,101.24,89.05,61.62
2023-04-05,82.19,102.61,90.01,62.49
2023-04-06,81.98,102.08,89.34,62.42
2023-04-10,81.91,101.64,89.3,61.8
2023-04-11,82.09,101.9,89.4,61.56
2023-04-12,82.07,102.01,89.64,61.35
2023-04-13,81.98,102.37,90.06,61.49
2023-04-17,81.95,101.75,90.04,61.16
2023-04-18,82.07,101.77,89.77,61.07
2023-04-19,82.12,101.96,89.94,60.98
2023-04-20,82.16,102.24,90.12,61.06
2023-04-21,82.15,102.1,90.06,61.39
2023-04-24,82.05,101.94,90.11,61.12
2023-04-25,81.9,102.28,90.52,61.05
2023-04-26,81.92,101.87,90.11,61.25
2023-04-27,81.65,101.83,90.26,61.03
2023-04-28,81.78,102.03,90.09,60.36
2023-05-02,81.76,102.2,89.85,59.42
2023-05-03,81.86,102.23,90.21,60.17
2023-05-04,81.74,102.78,90.54,60.9
2023-05-08,81.76,103.47,90.3,60.7
2023-05-09,82.02,103.61,90.18,60.86
2023-05-10,82.02,103.56,90.01,60.59
2023-05-11,82.04,103.5,89.94,61.12
2023-05-12,82.16,102.94,89.82,60.98
2023-05-15,82.28,102.61,89.41,60.46
2023-05-16,82.27,102.63,89.4,60.51
2023-05-17,82.37,102.65,89.46,60.23
2023-05-18,82.48,102.78,89.32,59.98
2023-05-19,82.7,102.63,89.14,59.83
2023-05-22,82.8,103.04,89.59,60.05
2023-05-23,82.8,102.91,89.48,59.78
2023-05-24,82.72,102.99,89.23,59.74
2023-05-25,82.75,102.23,88.84,59.3
2023-05-26,82.72,102.03,88.79,59.2
2023-05-29,82.55,102.04,88.66,58.83
2023-05-30,82.73,102.07,88.46,58.81
2023-05-31,82.68,102.38,88.36,59.3
2023-06-01,82.46,102.56,88.07,59.02
2023-06-02,82.32,103.22,88.66,59.27
2023-06-05,82.58,102.53,88.31,58.87
2023-06-06,82.64,102.83,88.66,59.28
2023-06-07,82.53,102.4,88.1,59.24
2023-06-08,82.58,102.8,88.47,59.04
2023-06-09,82.43,103.55,88.85,59.13
2023-06-12,82.46,103.7,88.64,59.11
2023-06-13,82.39,103.46,88.93,59.05
2023-06-14,82.31,103.8,88.78,58.74
2023-06-15,82.2,103.96,88.88,58.16
2023-06-16,81.88,104.9,89.73,58.18
2023-06-19,81.97,105.04,89.6,57.85
2023-06-20,82.12,104.98,89.75,57.82
2023-06-21,82.1,104.83,89.59,57.83
2023-06-22,81.92,104.45,89.97,57.74
2023-06-23,82.05,104.32,89.66,57.27
2023-06-26,81.97,104.33,89.38,57.15
2023-06-27,81.96,104.41,89.53,57.07
2023-06-28,82.01,104.36,89.75,56.97
2023-06-30,82.04,103.51,89.13,56.77
2023-07-03,81.86,103.78,89.15,56.56
2023-07-04,81.97,104.02,89.35,56.7
2023-07-05,82.16,104.37,89.38,56.78
2023-07-06,82.46,104.84,89.59,57.34
2023-07-07,82.68,105.38,90.07,57.6
2023-07-10,82.63,105.79,90.48,57.94
2023-07-11,82.35,106.28,90.75,58.5
2023-07-12,82.28,106.67,90.77,59.03
2023-07-13,82.12,106.83,91.51,59.25
2023-07-14,82.1,107.64,92.1,59.51
2023-07-17,82.15,107.44,92.29,59.33
2023-07-18,82.05,107.36,92.28,59.24
2023-07-19,82.1,106.35,92.13,58.9
2023-07-20,82.04,106.04,91.99,58.79
2023-07-21,82.02,105.76,91.4,58.51
2023-07-24,81.92,105.45,91.16,57.87
2023-07-25,81.81,105.1,90.66,57.84
2023-07-26,81.99,105.74,90.72,58.29
2023-07-27,81.99,106.21,90.96,58.51
2023-07-28,82.25,105.28,90.32,58.95
2023-07-31,82.25,105.76,90.58,58.06
2023-08-01,82.28,105.58,90.46,57.69
2023-08-02,82.53,105.34,90.65,57.8
2023-08-03,82.72,105.02,90.47,57.61
2023-08-04,82.8,105.3,90.67,58.11
2023-08-07,82.74,105.26,90.84,58.18
2023-08-08,82.8,105.69,91.06,57.87
2023-08-09,82.82,105.75,90.87,57.85
2023-08-10,82.84,105.44,91.06,57.52
2023-08-11,82.78,105.23,91.02,57.19
2023-08-18,83.09,105.75,90.44,57.21
2023-08-21,83.11,105.82,90.42,57.15
2023-08-22,83.07,106.25,90.69,56.93
2023-08-23,82.92,105.73,90.06,56.93
2023-08-24,82.55,105.02,89.74,56.9
2023-08-25,82.65,103.93,89.17,56.58
2023-08-28,82.61,104.15,89.36,56.45
2023-08-29,82.65,104.3,89.38,56.46
2023-08-30,82.77,104.58,90.01,56.6
2023-08-31,82.68,105.09,90.22,56.63
2023-09-01,82.66,104.64,89.62,56.79
2023-09-04,82.74,104.36,89.26,56.6
2023-09-05,82.94,104.4,89.32,56.44
2023-09-06,83.09,104.44,89.18,56.45
2023-09-07,83.18,103.96,89.18,56.4
2023-09-08,83.16,103.93,89.15,56.5
2023-09-11,82.88,103.75,88.95,56.73
2023-09-12,82.98,103.79,89.06,56.49
2023-09-13,82.95,103.3,89.11,56.33
2023-09-14,82.98,103.68,89.15,56.39
2023-09-15,83.06,103.23,88.57,56.28
2023-09-18,83.21,103.16,88.76,56.37
2023-09-20,83.26,102.84,89,56.28
2023-09-21,83.15,102.44,88.51,56.05
2023-09-22,82.95,101.87,88.35,55.99
2023-09-25,83.1,101.7,88.45,56.01
2023-09-26,83.23,101.39,88.06,55.81
2023-09-27,83.22,101.11,87.92,55.81
2023-09-28,83.16,100.92,87.34,55.66
2023-09-29,83.06,101.67,87.94,55.81
2023-10-03,83.18,100.39,87.07,55.5
2023-10-04,83.26,100.41,87.08,55.78
2023-10-05,83.24,101.07,87.47,55.95
2023-10-06,83.24,101.29,87.68,55.88
2023-10-09,83.25,101.59,87.8,55.81
2023-10-10,83.26,101.75,87.9,55.95
2023-10-11,83.24,102.28,88.25,55.89
2023-10-12,83.18,102.56,88.49,55.83
2023-10-13,83.26,101.52,87.76,55.6
2023-10-16,83.26,101.32,87.71,55.69
2023-10-17,83.26,101.35,87.72,55.64
2023-10-18,83.26,101.63,88.17,55.64
2023-10-19,83.27,101.05,87.76,55.6
2023-10-20,83.2,100.66,87.92,55.49
2023-10-23,83.17,101.08,87.96,55.47
2023-10-25,83.15,101.15,88.12,55.49
2023-10-26,83.24,100.52,87.7,55.22
2023-10-27,83.25,100.91,87.9,55.42
2023-10-30,83.27,100.93,87.95,55.66
2023-10-31,83.27,101.16,88.32,55.42
2023-11-01,83.28,101.12,88.04,55.06
2023-11-02,83.26,101.4,88.24,55.36
2023-11-03,83.27,101.63,88.53,55.4
2023-11-06,83.22,103.05,89.36,55.65
2023-11-07,83.27,102.64,89.14,55.37
2023-11-08,83.27,102.22,88.98,55.26
2023-11-09,83.28,102.31,89.17,55.16
2023-11-10,83.35,101.94,88.91,55.06
2023-11-13,83.32,101.95,89.06,54.9
2023-11-15,83.13,103.83,90.4,55.18
2023-11-16,83.24,103.19,90.22,55
2023-11-17,83.26,103.38,90.36,55.28
2023-11-20,83.33,103.98,90.98,55.87
2023-11-21,83.35,104.4,91.31,56.4
2023-11-22,83.34,104.32,90.85,55.95
2023-11-23,83.36,104.3,90.95,55.94
2023-11-24,83.37,104.55,90.93,55.85
2023-11-28,83.39,105.3,91.31,56.24
2023-11-29,83.32,105.92,91.64,56.59
2023-11-30,83.35,105.87,91.48,56.68
2023-12-01,83.36,105.37,90.94,56.27
2023-12-04,83.34,105.7,90.63,56.81
2023-12-05,83.39,105.36,90.39,56.78
2023-12-06,83.35,105.07,89.95,56.63
2023-12-07,83.37,104.67,89.74,56.99
2023-12-08,83.37,104.92,89.9,57.88
2023-12-11,83.39,104.6,89.8,57.3
2023-12-12,83.38,104.87,89.8,57.34
2023-12-13,83.4,104.66,89.93,57.2
2023-12-14,83.35,105.35,90.86,58.82
2023-12-15,83.18,106.12,91.37,58.6
2023-12-18,83.02,105.35,90.63,58.36
2023-12-19,83.18,105.26,90.87,57.95
2023-12-20,83.15,105.75,91.15,57.86
2023-12-21,83.27,105.23,91.16,58.21
2023-12-22,83.25,105.62,91.56,58.49
2023-12-26,83.17,105.67,91.68,58.45
2023-12-27,83.32,106.09,92.02,58.41
2023-12-28,83.23,106.61,92.45,58.94
2023-12-29,83.12,106.11,92,58.82
2024-01-01,83.2,105.95,91.84,58.99
2024-01-02,83.33,106.1,91.92,58.9
2024-01-03,83.32,105.28,91.28,58.65
2024-01-04,83.3,105.56,90.99,57.99
2024-01-05,83.18,105.36,90.88,57.26
2024-01-08,83.07,105.58,90.89,57.59
2024-01-09,83.13,105.92,91.05,57.75
2024-01-10,83.15,105.58,90.9,57.4
2024-01-11,82.94,105.93,91.11,57.02
2024-01-12,82.99,106.01,91.09,57.18
2024-01-15,82.85,105.66,90.84,57.03
2024-01-16,82.98,105.24,90.61,56.79
2024-01-17,83.13,104.74,90.25,56.23
2024-01-18,83.12,105.54,90.64,56.23
2024-01-19,83.13,105.56,90.45,55.9
2024-01-23,83.1,105.84,90.6,56.11
2024-01-24,83.15,105.62,90.33,56.21
2024-01-25,83.12,105.65,90.42,56.23
2024-01-29,83.15,105.66,90.17,56.2
2024-01-30,83.12,105.61,89.96,56.42
2024-01-31,83.08,105.31,89.88,56.2
2024-02-01,82.96,105.1,89.61,56.47
2024-02-02,82.84,105.63,90.13,56.58
2024-02-05,83.03,104.73,89.52,55.98
2024-02-06,83.06,104.25,89.3,55.96
2024-02-07,82.98,104.58,89.29,56.05
2024-02-08,82.98,104.79,89.47,55.81
2024-02-09,83,104.71,89.4,55.55
2024-02-12,83,104.83,89.57,55.63
2024-02-13,83.02,104.75,89.39,55.53
2024-02-14,83.09,104.77,89.06,55.22
2024-02-15,83.01,104.32,89.06,55.27
2024-02-16,83.04,104.48,89.35,55.26
2024-02-20,82.97,104.42,89.36,55.17
2024-02-21,82.89,104.68,89.61,55.25
2024-02-22,82.92,104.88,89.87,55.2
2024-02-23,82.89,104.95,89.71,55.03
2024-02-26,82.89,105,89.72,55.1
2024-02-27,82.89,105.1,89.94,55.07
2024-02-28,82.92,104.98,89.78,55.05
2024-02-29,82.92,105.03,89.86,55.36
2024-03-01,82.87,104.65,89.58,55.11
2024-03-04,82.9,104.98,89.9,55.13
2024-03-05,82.93,105.14,89.97,55.09
2024-03-06,82.91,105.33,90.01,55.31
2024-03-07,82.78,105.41,90.23,55.7
2024-03-11,82.68,106.24,90.44,56.25
2024-03-12,82.75,106.06,90.51,56.14
2024-03-13,82.9,106.06,90.59,56.19
2024-03-14,82.87,106.02,90.66,56.03
2024-03-15,82.89,105.59,90.17,55.9
2024-03-18,82.91,105.58,90.28,55.59
2024-03-19,82.94,105.41,90.13,55.17
2024-03-20,83.1,105.7,90.31,54.83
2024-03-21,83.13,106.36,90.91,55.06
2024-03-22,83.35,105.25,90.26,55.05
2024-03-26,83.36,105.45,90.43,55.08
2024-03-27,83.33,105.13,90.22,54.92
2024-03-28,83.37,105.29,90.22,55.09
2024-04-02,83.36,104.58,89.45,54.94
2024-04-03,83.42,104.87,89.85,55.01
2024-04-04,83.45,105.6,90.49,55.02
2024-04-05,83.41,105.24,90.31,55.15
2024-04-10,83.23,105.52,90.29,54.83
2024-04-12,83.39,104.42,89.13,54.42
2024-04-15,83.44,104.07,88.91,54.25
2024-04-16,83.5,103.67,88.56,54.04
2024-04-18,83.52,104.25,89.27,54.18
2024-04-19,83.52,103.8,88.89,54.09
2024-04-22,83.41,103.3,88.97,53.9
2024-04-23,83.38,102.88,88.74,53.87
2024-04-24,83.3,103.69,89.11,53.77
2024-04-25,83.38,104.18,89.41,53.57
2024-04-26,83.34,104.26,89.43,53.43
2024-04-29,83.44,104.56,89.46,53.13
2024-04-30,83.52,104.64,89.34,53.25
2024-05-02,83.45,104.59,89.48,53.73
2024-05-03,83.38,104.62,89.5,54.45
2024-05-06,83.47,104.78,89.83,54.28
2024-05-07,83.5,104.72,89.83,54.06
2024-05-08,83.51,104.32,89.75,53.81
2024-05-09,83.5,104.21,89.67,53.6
2024-05-10,83.49,104.69,90.01,53.66
2024-05-13,83.52,104.64,89.98,53.6
2024-05-14,83.52,104.88,90.08,53.37
2024-05-15,83.51,105.16,90.39,53.41
2024-05-16,83.5,105.86,90.83,54.15
2024-05-17,83.48,105.72,90.68,53.63
2024-05-21,83.36,106,90.55,53.35
2024-05-22,83.23,106.11,90.39,53.21
2024-05-24,83.12,105.5,89.89,52.92
2024-05-27,83.08,105.83,90.11,52.98
2024-05-28,83.16,106.23,90.45,53.02
2024-05-29,83.33,106.32,90.42,53.04
2024-05-30,83.42,105.87,90.05,53.18
2024-05-31,83.3,105.93,90.12,53.08
2024-06-03,83.07,105.8,90.15,52.81
2024-06-04,83.5,106.86,91.02,53.52
2024-06-05,83.39,106.46,90.67,53.53
2024-06-06,83.46,106.78,90.81,53.47
2024-06-07,83.43,106.66,90.84,53.72
2024-06-10,83.49,106.14,89.78,53.14
2024-06-11,83.51,106.26,89.93,53.09
2024-06-12,83.56,106.51,89.79,53.15
2024-06-13,83.55,106.77,90.27,53.17
2024-06-14,83.55,106.37,89.55,52.89
2024-06-18,83.48,105.96,89.54,52.88
2024-06-19,83.43,106.16,89.55,52.87
2024-06-20,83.53,106.12,89.64,52.81
2024-06-21,83.59,105.81,89.54,52.58
2024-06-24,83.51,105.65,89.4,52.28
2024-06-25,83.43,105.87,89.57,52.33
2024-06-26,83.54,105.96,89.41,52.27
2024-06-27,83.49,105.51,89.29,52.05
2024-06-28,83.45,105.46,89.25,51.86
2024-07-01,83.4,105.8,89.85,51.81
2024-07-02,83.52,105.55,89.64,51.65
2024-07-03,83.53,105.96,89.72,51.62
2024-07-04,83.5,106.45,90.11,51.73
2024-07-05,83.5,106.65,90.37,51.97
2024-07-08,83.48,106.9,90.3,51.97
2024-07-09,83.48,106.92,90.39,51.9
2024-07-10,83.49,106.8,90.33,51.72
2024-07-11,83.53,107.44,90.53,51.65
2024-07-12,83.54,107.83,90.77,52.49
2024-07-15,83.57,108.36,90.99,52.85
2024-07-16,83.58,108.28,90.98,52.71
2024-07-18,83.64,108.74,91.44,53.53
2024-07-19,83.64,108.17,91.07,53.01
2024-07-22,83.67,108.03,91.06,53.41
2024-07-23,83.66,108.07,91.05,53.45
2024-07-24,83.7,107.85,90.77,54.14
2024-07-25,83.71,107.84,90.7,54.82
2024-07-26,83.73,107.68,90.86,54.48
2024-07-29,83.74,107.74,90.92,54.59
2024-07-30,83.73,107.59,90.61,54.06
2024-07-31,83.74,107.55,90.62,54.78
2024-08-01,83.73,107.46,90.61,55.87
2024-08-02,83.74,106.65,90.47,56.15
2024-08-05,83.84,106.71,91.44,58.82
2024-08-06,83.91,107.1,91.83,57.52
2024-08-07,83.95,106.66,91.62,57.24
2024-08-08,83.96,106.67,91.83,57.4
2024-08-09,83.9,107.12,91.67,57.02
2024-08-12,83.97,107.27,91.69,57.02
2024-08-13,83.97,107.53,91.82,56.8
2024-08-14,83.94,107.69,92.27,57.04
2024-08-16,83.96,108.15,92.22,56.37
2024-08-19,83.92,108.8,92.69,57.7
2024-08-20,83.78,108.88,92.82,56.97
2024-08-21,83.92,109.26,93.29,57.51
2024-08-22,83.96,109.93,93.59,57.79
2024-08-23,83.87,110.07,93.34,57.68
2024-08-26,83.85,110.67,93.77,58.25
2024-08-27,83.94,110.82,93.75,58
2024-08-28,83.97,111.05,93.59,58.11
2024-08-29,83.89,110.91,93.39,58.03
2024-08-30,83.87,110.5,92.91,57.86
2024-09-02,83.88,110.19,92.77,57.35
2024-09-03,83.95,110.09,92.81,57.44
2024-09-04,83.97,110.07,92.79,57.82
2024-09-05,83.98,110.42,93.1,58.66
2024-09-06,83.93,110.63,93.31,58.95
2024-09-09,83.94,110.09,92.9,58.74
2024-09-10,83.98,109.9,92.71,58.6
2024-09-11,83.95,109.85,92.71,59.38
2024-09-12,83.98,109.61,92.55,58.88
2024-09-13,83.92,110.22,92.95,59.49
2024-09-16,83.89,110.41,93.15,59.88
2024-09-17,83.83,110.76,93.3,59.63
2024-09-19,83.62,110.78,93.14,58.72
2024-09-20,83.49,111.23,93.29,58.83
2024-09-23,83.51,111.21,93.21,57.94
2024-09-24,83.63,111.53,92.89,57.96
2024-09-25,83.55,111.98,93.49,58.24
2024-09-26,83.7,111.7,93.32,57.84
2024-09-27,83.67,112.05,93.46,58.23
2024-09-30,83.79,112.16,93.53,59.11
2024-10-01,83.81,112.06,93.31,58.04
2024-10-03,83.95,110.6,92.61,57.24
2024-10-04,83.97,110.29,92.62,57.48
2024-10-07,83.97,110.15,92.1,56.56
2024-10-08,83.94,109.87,92.21,56.74
2024-10-09,83.96,109.86,92.06,56.55
2024-10-10,83.97,109.79,91.87,56.29
2024-10-11,84.06,109.69,91.93,56.48
2024-10-14,84.07,109.88,91.88,56.34
2024-10-15,84.07,109.73,91.59,56.28
2024-10-16,84.07,109.28,91.46,56.33
2024-10-17,84.03,109.11,91.21,56.17
2024-10-18,84.07,109.8,91.17,56.06
2024-10-21,84.07,109.61,91.27,56.25
2024-10-22,84.07,109.38,91,55.78
2024-10-23,84.08,109.2,90.81,55.24
2024-10-24,84.07,108.73,90.7,55.24
2024-10-25,84.08,108.98,90.96,55.34
2024-10-28,84.08,108.92,90.75,54.83
2024-10-29,84.08,109,90.88,54.95
2024-10-30,84.08,109.38,90.99,54.83
2024-10-31,84.09,108.95,91.25,55.03
2024-11-04,84.11,109.28,91.66,55.36
2024-11-05,84.12,109.03,91.51,55.22
2024-11-06,84.24,108.28,90.25,54.61
2024-11-07,84.36,109.09,90.66,54.76
2024-11-08,84.38,109.4,90.92,55.19
2024-11-11,84.38,108.98,90.43,54.98
2024-11-12,84.4,108.26,89.77,54.91
2024-11-13,84.41,107.53,89.57,54.44
2024-11-14,84.41,107.13,89.06,54.15
2024-11-18,84.39,106.62,88.97,54.65
2024-11-19,84.4,107,89.42,54.64
2024-11-21,84.46,106.84,89.08,54.55
2024-11-22,84.5,106.21,88.45,54.57
2024-11-25,84.28,106.19,88.37,54.61
2024-11-26,84.28,105.79,88.32,54.79
2024-11-27,84.47,106.23,88.53,55.49
2024-11-28,84.49,106.97,89.12,55.74
2024-11-29,84.5,107.46,89.36,56.31
2024-12-02,84.68,107.45,89.13,56.24
2024-12-03,84.75,107.2,88.91,56.47
2024-12-04,84.69,107.51,89.11,56.47
2024-12-05,84.73,107.76,89.2,56.58
2024-12-06,84.66,107.91,89.53,56.5
2024-12-09,84.73,107.84,89.32,56.44
2024-12-10,84.85,108.28,89.66,56.14
2024-12-11,84.84,108.32,89.29,55.91
2024-12-12,84.87,108.37,89.2,55.64
2024-12-13,84.84,107.39,88.74,55.49
2024-12-16,84.83,107.16,89.18,55.18
2024-12-17,84.93,107.6,89.17,55.11
2024-12-18,84.94,107.94,89.26,55.38
2024-12-19,85.07,107.15,88.36,54.83